headline,date,sentiment
The iPhone suggests a Palestinian flag when some people type ‘Jerusalem.’ Apple is working on a fix,"Apr 12, 2024",positive
"The best sales to shop this weekend: CeraVe, Bose, ColorWow and more","Apr 12, 2024",neutral
Taylor Swift's music is back on TikTok,"Apr 12, 2024",neutral
Japan-U.S. relations,"Apr 11, 2024",neutral
"The best sales to shop today: Ninja, Cuisinart, Samsung and more","Apr 10, 2024",neutral
"Japan seeks investment in AI, semiconductors from American companies","Apr 10, 2024",neutral
"The best sales to shop today: Apple, Google, EcoFlow and more","Apr 9, 2024",neutral
5 tips and tricks to get better sound on your Apple TV,"Apr 8, 2024",neutral
155-year-old chocolate company braces for dramatic rise in cocoa prices,"Apr 4, 2024",neutral
"The best sales to shop today: AeroGarden, Sony, Waterpik and more","Apr 3, 2024",neutral
"The 10 best Amazon deals to shop this week: Shark, Bowflex and Bissell","Apr 3, 2024",neutral
This excellent Apple Watch Series 9 just hit a new all-time-low price,"Apr 2, 2024",positive
"Jon Stewart rips into Apple, his old boss, on The Daily Show","Apr 2, 2024",neutral
This Tokyo 'masterpiece café' is a step back in time for classical music lovers,"Mar 31, 2024",neutral
This Tokyo rice ball restaurant is grounded in family tradition,"Mar 31, 2024",neutral
Chocolatiers struggle to sustain profits as cocoa prices surge,"Mar 31, 2024",neutral
The price of chocolate is soaring. Here's why,"Mar 31, 2024",neutral
Teen Japanese slugger follows in Ohtani's footsteps,"Mar 29, 2024",positive
Apple’s iMac M3 is the perfect home office upgrade at this all-time low price,"Mar 29, 2024",positive
"The best sales to shop today: Drunk Elephant, Apple, Macy’s and more","Mar 28, 2024",neutral
Behind the remarkable rise of the Savannah Bananas,"Mar 28, 2024",neutral
The pricey Apple Vision Pro just got its first-ever discount,"Mar 28, 2024",positive
The MacBook Pro M3 just hit its lowest price ever — get it while you can,"Mar 28, 2024",positive
A 4-pack of Apple’s beloved AirTags is back down to its lowest price,"Mar 28, 2024",positive
The excellent new MacBook Air M3 is already $100 off right now,"Mar 27, 2024",positive
Apple announces its annual developers conference is set for June 10,"Mar 26, 2024",positive
Galloway: EU is taking a tougher stance on tech than the U.S.,"Mar 26, 2024",positive
3 ways Apple’s monopoly lawsuit could change the iPhone experience for fans,"Mar 26, 2024",neutral
Shohei Ohtani says he never gambled on sports,"Mar 26, 2024",neutral
It’s your last chance to shop the 165 best Prime Day-level deals from Amazon’s Big Spring Sale,"Mar 25, 2024",neutral
It’s your last day to save on the 35 best tech deals from Amazon’s Prime Day-like Big Spring Sale,"Mar 25, 2024",neutral
"Apple, Google and Meta at risk of ‘heavy’ fines as Europe launches new probes","Mar 25, 2024",positive
We found the 35 best tech deals from Amazon’s Prime Day-like Big Spring Sale,"Mar 24, 2024",neutral
We found the 189 best Prime Day-level deals from Amazon’s Big Spring Sale,"Mar 24, 2024",neutral
We found the 35 best tech deals from Amazon’s Prime Day-like Big Spring Sale,"Mar 23, 2024",neutral
We found the 189 best Prime Day-level deals from Amazon’s Big Spring Sale,"Mar 23, 2024",neutral
These two phrases in Harry and Meghan's statement stood out to royal analyst,"Mar 23, 2024",neutral
Apple co-founder calls out 'hypocrisy' of politicians calling for TikTok ban,"Mar 23, 2024",positive
We found the 189 best Prime Day-level deals from Amazon’s Big Spring Sale,"Mar 22, 2024",neutral
We found the 35 best tech deals from Amazon’s Prime Day-like Big Spring Sale,"Mar 22, 2024",neutral
Master your Apple Vision Pro with these 11 tips and tricks,"Mar 22, 2024",neutral
Apple customers love Apple. The Biden administration thinks they could do better,"Mar 22, 2024",positive
"Breton: The EU is not anti-tech, it just has rules","Mar 22, 2024",neutral
We found the 174 best Prime Day-level deals from Amazon’s Big Spring Sale,"Mar 22, 2024",neutral
Apple faces antitrust suit alleging monopoly,"Mar 22, 2024",negative
US sues Apple in antitrust lawsuit,"Mar 21, 2024",negative
We found the 30 best tech deals from Amazon’s Prime Day-like Big Spring Sale,"Mar 21, 2024",neutral
"Green bubbles, Apple Pay and other reasons why America says Apple is breaking the law","Mar 21, 2024",positive
The AirPods Pro 2 are down to a new all-time low price for Amazon’s Big Spring Sale,"Mar 21, 2024",positive
Attorney general outlines antitrust lawsuit against Apple,"Mar 21, 2024",negative
Apple sued in a landmark iPhone monopoly lawsuit,"Mar 21, 2024",negative
AI fever grips World Economic Forum,"Mar 21, 2024",neutral
Tim Cook is on a charm offensive in China to revive flagging iPhone sales,"Mar 21, 2024",negative
We found the 150 best Prime Day-level deals from Amazon’s Big Spring Sale,"Mar 21, 2024",neutral
"Meta, Microsoft, X and Match Group challenge Apple over app store terms","Mar 20, 2024",positive
Why you should think twice before buying a new phone,"Mar 20, 2024",positive
Ohtani makes Dodgers debut as Major League Baseball goes global,"Mar 20, 2024",neutral
CNN projects Trump-endorsed Moreno wins key Ohio GOP Senate primary,"Mar 20, 2024",neutral
Apple is getting serious about AI,"Mar 19, 2024",positive
Microsoft president makes big bet on Europe with AI investments,"Mar 18, 2024",neutral
Apple’s M1 MacBook Air is down to a new all-time low price,"Mar 15, 2024",positive
McDonald's locations around the world experience I.T. failure,"Mar 15, 2024",neutral
The amazing MacBook Air M1 is now just $699 at Walmart — how to get yours,"Mar 15, 2024",neutral
‘Apples Never Fall’ grows from the twisty roots of a Liane Moriarty mystery,"Mar 14, 2024",neutral
How technology can help feed the planet,"Mar 14, 2024",neutral
House passes bill that could lead to US ban of TikTok,"Mar 14, 2024",neutral
Christina Applegate believes she was living with MS for years before she was diagnosed,"Mar 13, 2024",neutral
A photo tour of Qatar’s Resort Al Barari desert camp,"Mar 11, 2024",neutral
'Apples Never Fall' reveals cracks in a 'perfect' family,"Mar 11, 2024",positive
Report: iPhone sales down 24% in China to start the year,"Mar 10, 2024",negative
Our favorite iPad is back down to its all-time low price right now,"Mar 8, 2024",positive
Apple backs down on EU ban for ‘Fortnite’-maker Epic Games,"Mar 8, 2024",positive
Are Apple’s new MacBook Air M3 laptops worth it? I’ve tested them to find out,"Mar 8, 2024",positive
"The best sales to shop this weekend: Kitsch, Apple, Sony and more","Mar 8, 2024",neutral
U.S. legislation targets one of the most popular social media apps,"Mar 8, 2024",neutral
UN World Restoration Flagships 2024,"Mar 7, 2024",neutral
"Big changes for Apple, Google and other tech giants: Europe’s sweeping law goes into effect today","Mar 7, 2024",neutral
OpenAI publishes Musk's emails to refute lawsuit claims,"Mar 7, 2024",positive
Applebee’s is shrinking. Its parent company may open joint restaurants with IHOP,"Mar 7, 2024",neutral
"The 10 best Amazon deals to shop this week: Bose, Crocs and Neutrogena","Mar 6, 2024",neutral
Sustainable airports around the world,"Mar 6, 2024",neutral
Apple iPhones sales fall 24% in China amid competition and headwinds,"Mar 5, 2024",negative
Editors’ Picks: The 48 best products we tried and loved in February,"Mar 5, 2024",neutral
Singapore defends paying Taylor Swift to not perform in neighboring countries,"Mar 5, 2024",neutral
Apple just announced the M3 MacBook Air — how to preorder now,"Mar 4, 2024",neutral
Apple hit with landmark $2 billion EU antitrust fine,"Mar 4, 2024",negative
In pictures: NBA great LeBron James,"Mar 3, 2024",neutral
'I can't believe it was me': Rex Chapman on stealing from Apple store,"Mar 2, 2024",neutral
'I can't believe it was me': Rex Chapman on stealing from Apple store,"Mar 2, 2024",neutral
Hear what surprises reporter about Oprah's departure from WeightWatchers,"Mar 1, 2024",neutral
Apple reportedly abandons its electric car project as EV makers struggle,"Feb 29, 2024",negative
"The 10 best Amazon deals to shop this week: Apple, Bissell and Levoit","Feb 28, 2024",neutral
Prince Harry loses legal dispute over personal security,"Feb 28, 2024",neutral
"Apple cancels work on an electric car, reports say","Feb 28, 2024",negative
Our favorite Logitech computer mouse is matching its lowest price ever,"Apr 5, 2024",neutral
"The best sales to shop today: Fellow Stagg, iRobot, Logitech and more","Feb 27, 2024",neutral
Is the pricey Apple Vision Pro worth it? I spent 2 weeks using one to find out,"Feb 27, 2024",neutral
You may lose access to your Netflix account if you’re paying through Apple,"Feb 27, 2024",positive
"The best sales to shop today: Apple, Hoover, Xbox and more","Feb 26, 2024",neutral
See Taylor Swift's heartwarming surprise for 9-year-old with brain cancer,"Feb 26, 2024",neutral
The world is obsessed with soccer. Can Apple make Americans love it too?,"Feb 24, 2024",neutral
"Tiny tablet, big discount: Get the Apple iPad Mini for 20% off right now","Feb 23, 2024",positive
In pictures: Oman Cultural Complex,"Feb 23, 2024",neutral
Watch: Tesla Cybertruck reviews from both Elon Musk fans and haters,"Feb 22, 2024",neutral
Travis Kelce lands in Australia to support Taylor Swift at her Eras Tour,"Feb 22, 2024",neutral
"The 10 best Amazon deals to shop this week: Apple, Ninja and Anker","Feb 21, 2024",neutral
Apple launches its first sports app,"Feb 21, 2024",positive
"Ewen MacIntosh, star of British comedy ‘The Office,’ dead at 50","Feb 21, 2024",neutral
Uber Eats is launching robot deliveries in Japan,"Feb 21, 2024",neutral
"The best sales to shop today: Great Jones, Logitech, LG and more","Feb 20, 2024",neutral
Judge orders Trump and companies to pay nearly $355 million in civil fraud trial,"Feb 17, 2024",neutral
Warren Buffett’s Berkshire Hathaway sells off some Apple stock,"Feb 15, 2024",positive
Mark Zuckerberg reviewed Apple’s Vision Pro headset. Here’s what he had to say about how it compares to Meta’s Quest 3,"Feb 14, 2024",neutral
"Can’t spend $3,500 on Apple Vision Pro? Try these 3 great headsets instead","Feb 13, 2024",neutral
VIDEO: Peek inside Harvard's class on Taylor Swift,"Feb 13, 2024",neutral
You almost never saw the most famous Super Bowl ad of all time,"Feb 12, 2024",neutral
"The best Apple headphones in 2024, tried and tested","Feb 28, 2024",neutral
Taylor Swift performing in Tokyo before flying to Las Vegas for Super Bowl,"Feb 10, 2024",neutral
Apple TV 4K vs. Roku Ultra: Which streaming box is right for you?,"Feb 8, 2024",neutral
Taylor Swift's Eras Tour concert film will start streaming next month on Disney+,"Feb 8, 2024",neutral
Hollywood Minute: Taylor Swift to sue jet tracker?,"Feb 7, 2024",positive
"The 10 best Amazon deals to shop this week: Apple, Bose and Neutrogena","Feb 7, 2024",neutral
Taylor Swift continues record-breaking tour in Tokyo,"Feb 7, 2024",neutral
"Taylor Swift mania sweeps Tokyo for sold-out concerts, with all eyes on return trip to Super Bowl","Feb 8, 2024",neutral
A magical trip to Scotland helped a grieving father start to heal,"Feb 7, 2024",neutral
AppleCare explained: What you need to know about Apple’s warranty program,"Feb 6, 2024",neutral
"The best sales to shop today: Hoka, Dyson, Samsung and more","Feb 6, 2024",neutral
"Naomi Osaka: ""I'm a lot more serious now""","Feb 5, 2024",neutral
"The best sales to shop today: Apple, Breville, Yeti and more","Feb 5, 2024",neutral
Watch Taylor Swift make Grammy history and surprise fans with announcement,"Feb 5, 2024",neutral
Smerconish: Does Taylor Swift have the power to sway the election?,"Feb 3, 2024",neutral
The 9 best Apple Vision Pro accessories to check out for your new headset,"Feb 2, 2024",neutral
Apple’s Vision Pro headset hits US stores today. Here’s what you need to know,"Feb 2, 2024",neutral
"Apple's new headset just dropped: Will you pay $3,500?","Feb 2, 2024",neutral
Rockstar reveals her worry about Swift-Kelce relationship,"Feb 2, 2024",neutral
"Apple sales boost profits, but China struggles continue","Feb 2, 2024",positive
"I just tried Apple Vision Pro — here’s what I think of this $3,500 headset so far","Feb 1, 2024",positive
"Save $300 on our favorite laptop, the MacBook Air M2, right now","Feb 1, 2024",positive
"The best sales to shop today: Ember, Nintendo, Apple and more","Feb 1, 2024",neutral
Travis Kelce thanks Taylor Swift ‘for joining the team’,"Feb 1, 2024",neutral
Stopping non-consensual AI porn is almost impossible. Here's why,"Feb 1, 2024",neutral
Would Swift return from Tokyo show in time to watch Kelce play in Super Bowl? CNN reporter does the math,"Jan 29, 2024",neutral
Peru's Amazon rainforest treehouse classroom,"Jan 29, 2024",neutral
On GPS: Bill Gates on how AI can save millions of lives,"Jan 28, 2024",neutral
Restaurant offered subscriptions for date nights. It sold out in 60 seconds,"Jan 28, 2024",neutral
"Explicit, AI-generated Taylor Swift images spread online","Jan 26, 2024",neutral
"Celebs, scientists and sports stars give their tips for Saudi Arabia","Jan 26, 2024",neutral
The iPhone 15 is a surprisingly big upgrade — and the best option for most,"Jan 26, 2024",positive
The best Apple Watch bands designed for working out in 2024,"Jan 26, 2024",neutral
"Apple announces sweeping changes for apps in Europe, including allowing third-party app stores for the first time","Jan 25, 2024",positive
"The best sales to shop today: Apple, Samsung, Hydro Flask and more","Jan 25, 2024",neutral
5 huge challenges facing Apple this year,"Jan 25, 2024",positive
"The best sales to shop today: Hoover, Gaiam, Patagonia and more","Jan 24, 2024",neutral
Apple security update to safeguard against thieves now available,"Jan 22, 2024",positive
Swift-inspired menu served at Buffalo Bills game,"Jan 22, 2024",neutral
Photos: This US couple bought a home in Italy’s Molise region,"Jan 22, 2024",neutral
Applebee's is selling a subscription pass for your date nights,"Jan 20, 2024",neutral
Applebee’s is offering a subscription pass for your date nights,"Jan 20, 2024",neutral
"The best sales to shop this weekend: Athleta, Bose, Apple and more","Jan 19, 2024",neutral
The Apple Vision Pro headset is finally available for preorder — how to get your own,"Jan 19, 2024",positive
The week in 36 photos,"Jan 19, 2024",neutral
Where to buy the original Apple Watch Series 9 and Ultra 2 with all the features,"Jan 18, 2024",neutral
Apple Watch imports banned in America - again,"Jan 18, 2024",negative
"The best sales to shop today: Apple Watch, Aerogarden, Hydrow and more","Jan 17, 2024",neutral
What Christina Applegate has said about living with multiple sclerosis,"Jan 17, 2024",neutral
The latest on the Iowa caucuses and 2024 primary campaign,"Jan 17, 2024",neutral
Apple risks a hit to its sales after Supreme Court declines to review Epic’s app store case,"Jan 16, 2024",negative
Harvard professor on Trump's big win in Iowa,"Jan 16, 2024",neutral
Apple is offering rare iPhone discounts in China,"Jan 15, 2024",positive
Apple has an approved fix to get around the Watch ban. Customers may not like it,"Jan 15, 2024",neutral
"See the X-59, NASA’s new supersonic concept plane","Jan 15, 2024",neutral
How Naomi Osaka Became More Than Just A Tennis Star,"Jan 14, 2024",neutral
Move over Apple: Microsoft is now the most valuable publicly traded company,"Jan 13, 2024",neutral
"Apple knew AirDrop users could be identified and tracked as early as 2019, researchers say","Jan 12, 2024",positive
South Korea’s pet cafes,"Jan 12, 2024",neutral
Al Gore is officially too old to serve on Apple’s board,"Jan 11, 2024",positive
We’ve tested every iPhone — here are the best ones,"Jan 11, 2024",positive
"The best sales to shop today: Bissell, Samsung, AirTags and more","Jan 11, 2024",neutral
This $139 iPhone case gives you a real keyboard to type on — and we tried it,"Jan 10, 2024",neutral
McDonald’s is bringing back a fan favorite after four years,"Jan 10, 2024",neutral
The world’s most powerful passports of 2024,"Jan 10, 2024",neutral
The best smartphones in 2024,"Jan 9, 2024",neutral
"The best MacBook in 2024, tried and tested","Jan 9, 2024",neutral
This US couple bought a 400-year-old Italian tower,"Jan 9, 2024",neutral
Tropicana is one company that’s ditching AI,"Jan 9, 2024",neutral
This ship is following Charles Darwin’s voyage around the world,"Jan 9, 2024",neutral
Apple faces epochal moment with looming antitrust scrutiny,"Jan 8, 2024",negative
Apple announces when the Vision Pro will go on sale,"Jan 8, 2024",neutral
'It's very unusual': CNN reporter unpacks controversy around NYT and Taylor Swift,"Jan 6, 2024",neutral
The Nomad Stand One Max is a great luxury Apple charger with one big flaw,"Jan 5, 2024",positive
The week in 34 photos,"Jan 5, 2024",neutral
These great iPhone 15 cases will protect and personalize your new phone,"Jan 4, 2024",positive
This Japanese startup is expanding with the e-scooter market,"Jan 4, 2024",neutral
The most on-time airports and airlines,"Jan 4, 2024",neutral
This jewelry is made from the silver found in X-ray films,"Jan 3, 2024",neutral
Japan Airlines jet burst into flames after collision with quake-relief plane,"Jan 3, 2024",neutral
"Apple shares slide following Barclays downgrade, dragging down markets","Jan 2, 2024",negative
"The best sales to shop today: Bissell, Laneige, iPad and more","Jan 2, 2024",positive
The iPhone 15 accessories I can’t stop using,"Jan 2, 2024",neutral
Andy Cohen on why his son tells people Santa doesn't come to their house,"Jan 1, 2024",neutral
How AI will be impacted by the New York Times' landmark lawsuit,"Dec 30, 2023",neutral
"The 10 best Amazon deals to shop this week: Apple, Hatch, Lego and more","Dec 28, 2023",neutral
Apple to resume U.S. sales of its newest watch,"Dec 28, 2023",positive
Here’s when Apple Watches are set to return to store shelves,"Dec 28, 2023",neutral
"From sold-out tours to box office success, 2023 was the Year of Taylor Swift","Dec 28, 2023",neutral
Apple to restart watch sales after court temporarily blocks import ban,"Dec 27, 2023",positive
Where you can still buy the latest Apple Watch,"Dec 27, 2023",neutral
Apple is no longer selling the newest Apple Watch in America after the White House declines to overturn ban,"Dec 27, 2023",negative
Apple files appeal to overturn ban on some Apple Watch models,"Dec 26, 2023",positive
Our tech editors’ 11 favorite gadgets of 2023,"Dec 26, 2023",neutral
Today is the last day for Joe Biden to keep the Apple Watch on shelves,"Dec 26, 2023",neutral
Survey: 77% of Americans choose fake Christmas tree,"Dec 23, 2023",neutral
Jabra Elite 10 vs. Apple AirPods Pro 2: Which earbuds are best for you?,"Dec 22, 2023",positive
Azerbijan carpets in photos,"Dec 22, 2023",neutral
The world’s busiest flight routes 2023,"Dec 22, 2023",neutral
Bullet train extension offers quick access to Japan’s Hokuriku region,"Dec 22, 2023",neutral
"Autonomous vehicles are taking to our skies, seas and streets","Dec 21, 2023",neutral
U.S. lawmakers seek to block Japanese purchase of U.S. Steel,"Dec 21, 2023",negative
"The 10 best Amazon deals to shop this week: Beats, Brita, Waterpik and more","Dec 20, 2023",neutral
Get all the upgrades of the Apple Watch Ultra for less with this deal on a refurbished model,"Dec 19, 2023",positive
Save 20% on the M1-powered iPad Air with this deal from Best Buy,"Dec 19, 2023",positive
Cyber Monday 2023 is almost over — get the best Best Buy deals while you still can,"Nov 27, 2023",neutral
"The MacBook Pro M3 is super fast, pretty pricey and thrilling in Space Black","Dec 19, 2023",positive
4 things to know about the Apple Watch fiasco,"Dec 19, 2023",neutral
In pictures: The history of US Steel,"Dec 19, 2023",neutral
Apple to halt sales of some Apple Watches in US,"Dec 19, 2023",negative
Foxconn makes most of the world’s iPhones. Now its CEO wants to make EVs,"Dec 18, 2023",positive
What happened to the 13 stranded strangers who went on a road trip,"Dec 16, 2023",neutral
I spent one month with the 16-inch M3 Max MacBook Pro — here’s what I think,"Dec 15, 2023",positive
"The best sales to shop this weekend: Apple, Murad, Logitech and more","Dec 15, 2023",neutral
The powerful Apple Watch Ultra 2 is on sale for its lowest price yet,"Dec 13, 2023",positive
Taylor Swift named Time's 2023 'Person of the Year',"Dec 13, 2023",neutral
Apple unveils new security feature to safeguard against thieves,"Dec 13, 2023",positive
"Get an all-time low price on the Google Pixel 7 Pro, an Android phone we love","Dec 13, 2023",neutral
"The 10 best Amazon deals to shop this week: Apple, Bissell, Cuisinart and more","Dec 13, 2023",neutral
"The best sales to shop today: iPad, Reformation, Outdoor Voices and more","Dec 13, 2023",neutral
This chef ditched Tokyo life to be closer to his ingredients,"Dec 12, 2023",neutral
The world’s top city destinations for 2023,"Dec 12, 2023",neutral
Shohei Ohtani agrees to historic deal with L.A. Dodgers,"Dec 10, 2023",neutral
Chris Wallace told to give back Taylor Swift bracelet after criticism of 'Time' honor,"Dec 9, 2023",neutral
"Our favorite product releases this week: Samsonite x Boss, Bearaby, ThirdLove","Dec 8, 2023",neutral
Save on Apple AirTags ahead of holiday travel with this deal,"Dec 18, 2023",positive
"The best sales to shop this weekend: Theragun, Chewy, Stasher and more","Dec 8, 2023",neutral
Photos: Alphonse Island in the Seychelles,"Dec 8, 2023",neutral
‘Headquarters of the future’: Plans for Chinese tech firm Tencent’s vast new campus unveiled,"Dec 7, 2023",neutral
Pictures: European towns and cities that look like Christmas,"Dec 6, 2023",neutral
Krill Design creates furniture from food waste,"Dec 4, 2023",neutral
Pictures: New carnival exhibition at Grenada’s underwater sculpture park,"Dec 4, 2023",neutral
"Kyushu, home to Japan’s best sweets","Dec 1, 2023",neutral
15 AirPods tips and tricks to help you master your earbuds,"Nov 30, 2023",neutral
Nomad’s excellent iPhone case and Apple Watch band just got a new color,"Nov 30, 2023",neutral
Innovations for greener transport,"Nov 30, 2023",neutral
Pictures: The couple traveling in an Airstream with their pet goat,"Nov 29, 2023",neutral
Here are the 130 best Amazon Cyber Monday 2023 deals you can still shop today,"Nov 28, 2023",neutral
It’s your last chance to shop Target’s 40 best Cyber Monday deals,"Nov 28, 2023",neutral
You’ve only got a few more hours to shop the 54 best Cyber Monday deals at Walmart,"Nov 28, 2023",neutral
It’s your last chance for the best 27 Apple Cyber Monday deals of 2023,"Nov 28, 2023",positive
Woman creates stunning Taylor Swift-themed holiday display,"Nov 28, 2023",neutral
Don’t miss your chance to shop the 256 best Cyber Monday 2023 deals at Amazon,"Nov 28, 2023",neutral
Here are the 398 best deals to shop before Cyber Monday 2023 is over,"Nov 28, 2023",neutral
Cyber Monday 2023 is almost over — get these 150 deals on the best products we’ve tested while you still can,"Nov 27, 2023",neutral
Cyber Monday 2023 is almost over — get these 10 AirPod deals while you still can,"Nov 27, 2023",neutral
Here are our editors’ favorite Cyber Monday deals to shop before it’s too late,"Nov 27, 2023",neutral
Time’s running out on the best Cyber Monday laptop deals of 2023,"Nov 27, 2023",neutral
Get the best iPad Cyber Monday deals of 2023 while you still can,"Nov 27, 2023",positive
The Xbox Series X is at an all-time low price at Amazon’s Cyber Monday sale,"Nov 27, 2023",neutral
It’s your last chance to get the best MacBook Cyber Monday deals of 2023,"Nov 27, 2023",neutral
We found the 15 best Xbox deals to get before Cyber Monday 2023 is over,"Nov 27, 2023",neutral
This $150 discount makes the Google Pixel 8 a steal for Cyber Monday,"Nov 27, 2023",neutral
Get the Nintendo Switch Lite and Animal Crossing game for $199 in this Cyber Monday deal,"Nov 27, 2023",neutral
Anker’s portable 511 Nano 3 USB-C charger just got better with 20% off at Amazon,"Mar 14, 2024",neutral
Cyber Monday is winding down — shop our tech editors’ favorite deals while they’re still around,"Nov 27, 2023",neutral
Photos: Treeful treehouse hotel in Japan,"Nov 27, 2023",neutral
Last chance for these Cyber Monday Apple Watch deals — including $175 off the Apple Watch 8,"Nov 27, 2023",positive
The 2nd-gen Apple Pencil is down to its lowest price ever for Cyber Monday,"Nov 27, 2023",positive
Save $250 on the capable and portable Acer Swift Go 14 laptop for Cyber Monday,"Nov 27, 2023",neutral
Underscored readers love these products — grab them while they’re still on sale for Cyber Monday,"Nov 27, 2023",positive
Soneva Fushi mosquito eradication program,"Nov 27, 2023",neutral
128 Cyber Monday sales on the best products we’ve tested,"Nov 26, 2023",positive
The 47 best Best Buy Cyber Monday deals in 2023,"Nov 26, 2023",neutral
"The 2022 iPad is a superb tablet, but who is it actually for?","Nov 26, 2023",neutral
The best Cyber Monday deals on Apple iPhone,"Nov 26, 2023",positive
"23 best Cyber Monday laptop deals for 2023: MacBooks, Chromebooks and more","Nov 26, 2023",positive
11 best iPad Cyber Monday deals for 2023,"Nov 26, 2023",neutral
27 best Apple Cyber Monday deals for 2023,"Nov 26, 2023",positive
Apple AirTags are on sale at Amazon for Cyber Monday,"Nov 26, 2023",neutral
We found the 15 best Xbox deals for Cyber Monday 2023,"Nov 26, 2023",neutral
"The 10 best Cyber Monday 2023 electronic deals, according to our tech editors","Nov 26, 2023",neutral
Here are the 224 best Amazon deals ahead of Cyber Monday 2023,"Nov 26, 2023",neutral
Here are our editors’ favorite Cyber Monday deals to shop right now,"Nov 26, 2023",neutral
Target’s 37 best Cyber Monday deals that belong in your cart now,"Nov 26, 2023",neutral
"Underscored readers love these products — luckily, they’re on sale for Cyber Monday","Nov 26, 2023",positive
We found the 398 best Cyber Monday 2023 deals,"Nov 26, 2023",neutral
Save $250 on the capable and portable Acer Swift Go 14 laptop for Cyber Monday,"Nov 26, 2023",neutral
9 best MacBook Cyber Monday deals for 2023,"Nov 26, 2023",neutral
11 best AirPod Cyber Monday deals for 2023,"Nov 26, 2023",neutral
The AirPods Pro 2 are down to a new all-time low price for Cyber Monday,"Nov 26, 2023",positive
Shop the 43 very best Cyber Monday deals at Walmart,"Nov 26, 2023",neutral
26 best Apple Watch deals for Cyber Monday include this rock-bottom price on the editor-favorite Apple Watch 8,"Nov 26, 2023",positive
Here are 205 Black Friday 2023 deals at Amazon that you can still shop today,"Nov 25, 2023",neutral
You can still score Target Black Friday deals — here are the 40 best ones we’ve found,"Nov 25, 2023",neutral
"Black Friday 2023 is over, but you can still shop these 390 best deals today","Nov 25, 2023",neutral
"25 best Black Friday laptop deals still live for 2023: MacBooks, Chromebooks and more","Nov 25, 2023",positive
27 best Apple Black Friday deals still live for 2023,"Nov 25, 2023",positive
The best Black Friday 2023 deals on Apple iPhone are still available today,"Nov 25, 2023",positive
11 best iPad Black Friday deals still live for 2023,"Nov 25, 2023",positive
9 best MacBook Black Friday deals still live for 2023,"Nov 25, 2023",positive
Apple Watch deals are still going strong with a low price on our editor-favorite Apple Watch 8,"Nov 25, 2023",positive
Save $250 on the capable and portable Acer Swift Go 14 laptop for Black Friday,"Nov 25, 2023",neutral
How iPhone maker Foxconn plans to become a global EV player,"Nov 24, 2023",neutral
The 2nd-gen Apple Pencil is down to its lowest price ever for Black Friday,"Nov 24, 2023",positive
The AirPods Pro 2 are down to a new all-time low price for Black Friday,"Nov 25, 2023",neutral
Apple AirTags are still on sale at Amazon for Black Friday,"Nov 25, 2023",neutral
27 best Apple Black Friday deals for 2023,"Nov 23, 2023",positive
Here are all 177 best deals to shop at Amazon during Black Friday 2023,"Nov 23, 2023",neutral
We found the very best Black Friday deals to shop at Walmart,"Nov 23, 2023",neutral
We found the 30 best Target Black Friday deals you can shop today,"Nov 23, 2023",neutral
We found all the best deals for Black Friday 2023,"Nov 23, 2023",neutral
Why AirTags are the ultimate travel companion this holiday season,"Nov 26, 2023",neutral
11 best iPad Black Friday deals for 2023,"Nov 23, 2023",neutral
The 2nd-gen Apple Pencil is down to its lowest price ever for Black Friday,"Nov 23, 2023",positive
9 best MacBook Black Friday deals of 2023,"Nov 23, 2023",neutral
Lowest price ever on Apple Watch 9 and other Black Friday deals 2023,"Nov 24, 2023",positive
Lowest price ever on Apple Watch 9 and other Black Friday deals 2023,"Nov 23, 2023",positive
The AirPods Pro 2 are down to a new all-time low price for Black Friday,"Nov 23, 2023",neutral
Apple AirTags are on sale at Amazon for Black Friday,"Nov 23, 2023",neutral
"The 11 best Black Friday 2023 electronic deals, according to our tech editors","Nov 23, 2023",neutral
"The 11 best Black Friday 2023 electronic deals, according to our tech editors","Nov 22, 2023",neutral
24 best Apple Black Friday deals for 2023,"Nov 22, 2023",positive
The AirPods Pro 2 are down to a new all-time low price for Black Friday,"Nov 22, 2023",positive
9 best MacBook Black Friday deals of 2023,"Nov 22, 2023",neutral
11 best iPad Black Friday deals for 2023,"Nov 22, 2023",neutral
October is prime apple season. Why did prices plunge?,"Nov 21, 2023",neutral
Apple’s 9th-gen iPad doesn’t change much — and that’s not a bad thing,"Nov 26, 2023",neutral
A clue that makes this podcaster think Taylor Swift will be engaged soon,"Nov 20, 2023",neutral
Apple will make a big change to iPhone messages next year,"Nov 20, 2023",neutral
Amazon’s Black Friday 2023 deals have arrived — here’s what to shop now,"Nov 20, 2023",neutral
Iowa woman has been friends with Xi for 25 years. Hear what she thinks about him being called a dictator,"Nov 17, 2023",neutral
"The best sales to shop today: Apple, Away, Madewell and more","Nov 16, 2023",neutral
Japan’s most beautiful garden,"Nov 16, 2023",neutral
House lawmakers press Apple CEO on reports Jon Stewart’s show was canceled over China concerns,"Nov 16, 2023",positive
Snapchat users can now buy Amazon products without leaving the app,"Nov 15, 2023",neutral
"The best sales to shop today: Bala, Birthdate, Hill House and more","Nov 15, 2023",neutral
The Nomad Strike Sport is a new twist on one of our favorite Apple Watch bands,"Nov 14, 2023",neutral
Taylor Swift's song skyrockets on iTunes after she changed this lyric,"Nov 14, 2023",neutral
Apple AirTags are on sale at Amazon for Black Friday,"Nov 21, 2023",positive
The 17 best Mac games to play in 2023,"Nov 13, 2023",neutral
In pictures: American soccer star Megan Rapinoe,"Nov 12, 2023",neutral
Pictures: The best Christmas markets around the world for 2023,"Nov 11, 2023",neutral
Pictures: The family of seven hiking America’s longest trails together,"Nov 10, 2023",neutral
The week in 33 photos,"Nov 10, 2023",neutral
I just played Resident Evil 4 and Death Stranding on iPhone — this is a game changer,"Nov 9, 2023",positive
"Apple co-founder Steve Wozniak hospitalized in Mexico City, source says","Nov 9, 2023",positive
Apple’s fight against a $14 billion EU tax bill suffers a setback,"Nov 9, 2023",negative
Close-up photos reveal the weird and wonderful creatures living in soil,"Nov 8, 2023",neutral
The M3 iMac makes Apple’s gorgeous all-in-one much more powerful,"Nov 7, 2023",positive
G7 countries prepare to gather in Japan,"Nov 7, 2023",neutral
Apple’s M3 MacBook Pros are more affordable than before — and you can preorder now,"Nov 6, 2023",positive
Hollywood Minute: Taylor Swift's best first week ever,"Nov 6, 2023",neutral
Barbra Streisand wasn’t happy with how Siri said her name. So she called up Apple’s CEO to get it fixed,"Nov 6, 2023",positive
iPhone 15 Pro vs. Google Pixel 8 Pro: Which smartphone is best?,"Nov 3, 2023",neutral
Apple’s ‘scary fast’ upgrades hint at its vision for the AI era,"Nov 16, 2023",positive
"Photos: She was a Pan Am flight attendant, he was a pilot. Their inflight meeting sparked a 50 year romance","Nov 3, 2023",neutral
Apple’s slower device sales continue to weigh on earnings,"Nov 2, 2023",negative
Apple unveils its fastest iMac and MacBook Pro models yet,"Nov 16, 2023",positive
Nomad’s new leather iPad case is a stunner,"Nov 2, 2023",positive
20 Amazon products our readers loved buying in October,"Nov 2, 2023",neutral
Under $25 scores: Apple’s USB-C EarPods are some of the best wired earbuds around,"Nov 1, 2023",positive
Inside this quirky guitar maker’s biomaterial world,"Nov 1, 2023",neutral
A photo tour of Doha’s new cruise terminal,"Nov 1, 2023",neutral
Apple’s new M3 iMac is twice as fast and gaming-ready — and you can preorder now,"Oct 31, 2023",positive
Lonely Planet’s travel picks for 2024,"Oct 31, 2023",neutral
What to expect from Apple’s ‘scary fast’ event,"Nov 16, 2023",neutral
Apple Watch Series 9 review: Incrementally improving an already great smartwatch,"Dec 19, 2023",neutral
Apple Watch Ultra 2 review: Still the smartwatch to get,"Oct 26, 2023",positive
iPhone 15 vs. iPhone 15 Pro: Which is best for you?,"Oct 26, 2023",neutral
Pictures: The US couple who swapped California for Spain,"Oct 26, 2023",neutral
Apple TV+ hikes price once again,"Nov 16, 2023",negative
Michael Cohen testifies in Trump civil fraud trial,"Oct 25, 2023",neutral
Apple announces ‘scary fast’ October event,"Oct 24, 2023",positive
Google Pixel 8 vs. iPhone 15: Which phone is best for you?,"Oct 24, 2023",neutral
Fukuoka: Japan’s street food capital,"Oct 23, 2023",neutral
Jon Stewart’s show on Apple is over because of disagreements about China,"Oct 20, 2023",positive
"The best sales to shop this weekend: AirPods, LG, Breville and more","Oct 20, 2023",neutral
Apple just revealed a new $79 Apple Pencil with USB-C — but is it right for you?,"Oct 19, 2023",neutral
"The best sales to shop today: Roomba, Rtic, Philips Sonicare and more","Oct 19, 2023",neutral
"The 10 best Amazon deals to shop this week: Logitech, Apple, Breville and more","Oct 19, 2023",neutral
Apple continues its sweep to roll out USB-C to more devices,"Oct 18, 2023",neutral
Hollywood Minute: Taylor Swift's global box office haul,"Oct 17, 2023",neutral
"The best sales to shop today: Apple Watch, Logitech, Thermacell and more","Oct 17, 2023",neutral
"The best sales to shop today: iPad, AeroGarden, Nespresso and more","Oct 17, 2023",positive
Time Out’s picks for cool neighborhoods,"Oct 17, 2023",neutral
iPhone sales in China shrink as US political tensions grow,"Oct 16, 2023",negative
Taylor Swift thanks fans at her 'Eras Tour' movie premiere,"Oct 13, 2023",neutral
The Pixel 8 Pro is my favorite Google phone ever,"Oct 13, 2023",neutral
Don’t miss your chance to shop 238 of the best deals from Amazon Prime Day 2023,"Oct 12, 2023",neutral
The best Lightning Deals to shop during October’s Amazon Prime Day 2023,"Oct 12, 2023",neutral
The very best Apple deals still available for Amazon Prime Day 2023,"Oct 12, 2023",positive
Last chance to shop these 34 deals during Best Buy’s 48-hour shopping event on Prime Day,"Oct 11, 2023",neutral
30 products our readers are buying before October’s Amazon Prime Day 2023 ends,"Oct 11, 2023",neutral
Time is running out to shop these Amazon Prime Day 2023 AirPod deals,"Oct 11, 2023",positive
Grab the best Amazon device sales from October’s Prime Day 2023 — before it’s over,"Oct 11, 2023",neutral
We found the best laptop deals still available for Amazon Prime Day,"Oct 11, 2023",neutral
See Japanese 'ARCHAX' robot with $3 million price tag,"Oct 11, 2023",positive
The best iPhone deals you can get before Amazon Prime Day is over,"Oct 11, 2023",positive
We found the best iPad deals for October’s Amazon Prime Day 2023,"Oct 11, 2023",positive
The excellent MacBook Air M2 is down to its lowest-ever price for Amazon’s October Prime Day,"Oct 11, 2023",positive
We found the best iPad deals for October’s Amazon Prime Day 2023,"Oct 17, 2023",neutral
The best Lightning Deals to shop during October’s Amazon Prime Day 2023,"Oct 11, 2023",neutral
We found all of the best deals to shop during Amazon Prime Day 2023,"Oct 11, 2023",neutral
The best Apple deals for October’s Amazon Prime Day,"Oct 10, 2023",neutral
We found all of the best deals to shop during Amazon Prime Day 2023,"Oct 10, 2023",neutral
Here are the best iPhone deals for October Amazon Prime Day,"Oct 10, 2023",neutral
"AirPods Pro 2 are at an all-time low price for October’s Amazon Prime Day 2023, plus more AirPod deals","Nov 22, 2023",neutral
Shop these 29 deals during Best Buy’s 48-hour shopping event on October’s Prime Day,"Oct 10, 2023",neutral
The best Apple deals for October’s Amazon Prime Day,"Oct 10, 2023",neutral
The best Amazon device sales from October’s Prime Day 2023,"Oct 10, 2023",neutral
"The best tech deals from October Amazon Prime Day 2023, according to our editors","Oct 10, 2023",neutral
We found the best iPad deals for October’s Amazon Prime Day 2023,"Oct 10, 2023",positive
The best Lightning Deals of Amazon Prime Day 2023,"Oct 10, 2023",neutral
We found the best laptop deals for October’s Amazon Prime Day,"Oct 10, 2023",neutral
How Amazon could end SpaceX's monopoly,"Oct 6, 2023",neutral
A book of photography is helping to save leopards,"Oct 6, 2023",neutral
"Apple rejected opportunities to buy Microsoft’s Bing, integrate with DuckDuckGo","Oct 5, 2023",neutral
See what the White House said when questioned about Taylor Swift and Travis Kelce,"Oct 5, 2023",neutral
"The 10 best Amazon deals to shop this week: Ninja, Levi’s, Adidas and more","Oct 4, 2023",neutral
Pictures: The US family relocating to Italy for a brighter future,"Oct 4, 2023",neutral
Traveling the Amazon River,"Oct 3, 2023",neutral
Japan Airlines reveals cabins for new A350-1000 planes,"Oct 3, 2023",neutral
Apple confirms that a bug and some apps are causing iPhone 15 models to overheat,"Oct 2, 2023",negative
The best leather Apple Watch bands for ultimate style and comfort,"Oct 2, 2023",neutral
Swift-Kelce becomes America's latest obsession,"Oct 2, 2023",neutral
Pictures: This woman is riding around the world with her puppy,"Oct 2, 2023",neutral
"Taylor Swift is in her NFL era, and that's boosting sales for the league","Oct 2, 2023",positive
Game On: A James Bond iOS adventure,"Sep 29, 2023",neutral
These iPhone 15 carrier deals make upgrading more affordable,"Oct 6, 2023",positive
MacOS Sonoma is worth upgrading to for any Mac user,"Oct 2, 2023",positive
iOS 17 is full of surprise and delight,"Sep 29, 2023",positive
"To the very end, ‘Physical’ put in the sweat to break down diet culture","Sep 28, 2023",neutral
Taylor Swift's NFL game exit leads to fan speculation,"Sep 27, 2023",neutral
iPhone 15 Pro review: Apple delivers the Action you didn’t know you needed,"Sep 27, 2023",positive
The US government is suing Amazon. How this might impact you,"Sep 27, 2023",neutral
"The best sales to shop today: Apple, Shark, Tile and more","Sep 28, 2023",neutral
U.S. government sues Amazon for alleged online monopoly,"Sep 27, 2023",neutral
The London Tunnels is the UK capital’s most ambitious new tourism project,"Sep 26, 2023",neutral
Taylor Swift's attendance at Chiefs game brings a spike in Travis Kelce jersey sales,"Sep 26, 2023",positive
What Huawei's latest fall line means for the tech giant,"Sep 25, 2023",neutral
Traylor is that you? Gaming couple nicknames for Travis Kelce and Taylor Swift,"Sep 25, 2023",neutral
Photos indicate Taylor Swift accepted NFL star's invite,"Sep 25, 2023",neutral
Photos indicate Taylor Swift accepted NFL star's invite,"Sep 25, 2023",positive
iPhone 15 hits shelves around the world. Here’s what you need to know,"Sep 22, 2023",neutral
Microsoft’s $800 Surface Laptop Go 3 is up for preorder — and we tried it early,"Sep 22, 2023",neutral
Australia to host academic conference on Taylor Swift,"Sep 22, 2023",neutral
Otto Group to use Boston Dynamics robots for e-commerce,"Sep 21, 2023",neutral
The AirPods Pro 2 get even better with USB-C and excellent Adaptive Audio,"Sep 25, 2023",positive
"I just bought the $1,199 iPhone 15 Pro Max — here’s why","Sep 22, 2023",positive
Analysis: This Apple Watch feature could hint at the company's future,"Sep 20, 2023",positive
Apple Watch Ultra 2 vs. Apple Watch Ultra: What’s new and different?,"Sep 19, 2023",positive
Three things to know if you're going to upgrade to iPhone 15,"Sep 19, 2023",neutral
iOS 17 release: See what’s new in iPhone features,"Sep 18, 2023",neutral
iPhone 15 vs. iPhone 14: What’s new and different?,"Sep 18, 2023",neutral
Forget Apple’s $30 USB-C to Lightning adapter — these cables are a better investment,"Sep 18, 2023",positive
The iPhone 15 may be the best basic iPhone yet — and you can preorder it now,"Sep 18, 2023",positive
The iPhone 15 is up for preorder now — here’s who should (and shouldn’t) upgrade,"Sep 15, 2023",neutral
Wanted: Taylor Swift reporter,"Sep 15, 2023",neutral
"The best sales to shop this weekend: Apple, Reebok, Everlane and more","Sep 15, 2023",neutral
Apple to issue iPhone 12 update in France after sales halted over radiation levels,"Sep 15, 2023",positive
Should you get Apple’s iPhone Upgrade Program or use a carrier plan?,"Oct 2, 2023",neutral
Apple Watch Series 9 and Ultra 2 preorders are live — here’s what you need to know,"Sep 14, 2023",neutral
The iPhone 15 Pro is up for preorder right now — and we tried it early,"Sep 15, 2023",neutral
France orders Apple to pull iPhone 12 off shelves for high radiation levels,"Sep 13, 2023",negative
Here’s why Apple’s charger switch is such a big deal,"Sep 13, 2023",positive
Apple Watch Series 9 vs. Apple Watch Series 8: Should you upgrade?,"Sep 18, 2023",positive
Here's one unique feature you haven't been able to do with iPhones before,"Sep 13, 2023",neutral
"Apple unveils new iPhone, watch at event","Sep 13, 2023",positive
6 takeaways from Apple’s iPhone 15 event,"Sep 13, 2023",neutral
What to expect from Apple’s iPhone 15 reveal,"Sep 13, 2023",neutral
Opinion: Apple’s secret sauce,"Sep 13, 2023",neutral
Apple unveils new iPhone lineup,"Sep 13, 2023",neutral
Apple just killed the iPhone Lightning connector. What to do with your old chargers,"Sep 12, 2023",positive
A look back at every iPhone ever,"Sep 11, 2023",neutral
Apple could be about to make the biggest change to the iPhone in 11 years,"Sep 8, 2023",positive
Apple lost $200 billion in two days after reports of iPhone ban in China,"Sep 7, 2023",negative
Feeling nostalgic? Take a look at the excitement over Apple's first iPhone,"Sep 7, 2023",positive
Nomad just dropped this gorgeous 3-in-1 charger for Apple users,"Sep 6, 2023",positive
"Arm’s IPO could value the chip company at $52 billion. Apple, Google and Nvidia show interest","Sep 5, 2023",positive
Presale tickets for Eras Tour movie break sales records,"Sep 4, 2023",neutral
Apple expected to unveil new iPhone at ‘Wonderlust’ special event,"Aug 30, 2023",neutral
"Get the Logitech K380, our favorite budget keyboard, at an all-time low price right now","Aug 28, 2023",neutral
Microsoft submits new Activision deal to UK watchdog,"Aug 22, 2023",neutral
"Arm’s mega IPO could be just around the corner, a year after the biggest chip deal in history fell apart","Aug 22, 2023",positive
iPhone 15 could have faster charging,"Aug 20, 2023",positive
Taylor Swift could break $2 billion for 'Eras' tour,"Aug 18, 2023",neutral
Nigerian music producer uses AI to create Afrobeats,"Aug 18, 2023",neutral
"The best sales to shop today: Apple, Reformation, Nira and more","Aug 17, 2023",positive
Jay-Z-themed library cards at Brooklyn Public Library,"Aug 16, 2023",neutral
‘A real stroke of genius.’ How Apple’s iMac G3 became an object of desire,"Aug 15, 2023",neutral
4 years later and the AirPods 2 are still as great as we remember,"Aug 14, 2023",positive
"Despite skipping much of the Iowa State Fair, Trump was still the main attraction","Aug 13, 2023",neutral
The next evolution in tech needs to be nearly frozen to operate. See how it works,"Aug 13, 2023",positive
England beats Colombia 2-1 to reach semifinals as Australia makes history,"Aug 12, 2023",neutral
"Sweden withstands late Japan comeback, 2-1, to make semifinals","Aug 11, 2023",neutral
"The best sales to shop today: Lululemon, OtterBox, AeroGarden and more","Aug 9, 2023",neutral
Justice Kagan order: Apple doesn’t have to change app store terms while battling Epic in court,"Aug 9, 2023",neutral
"The 10 best Amazon deals to shop this week: Sharpie, Ninja, Sony and more","Aug 9, 2023",neutral
iPhone users will soon have to adjust to this small but significant change,"Aug 9, 2023",neutral
"The best sales to shop today: Dyson, Philips Hue, Instant Pot and more","Aug 9, 2023",neutral
Apple’s M1 iPad Pros are massively discounted today at Woot!,"Aug 8, 2023",positive
Cities court Taylor Swift for Eras Tour shows,"Aug 7, 2023",neutral
Watch Taylor Swift's moment with Kobe Bryant's daughter during show,"Aug 5, 2023",neutral
"The best sales to shop today: Paravel, Lovesac, AirTag and more","Aug 4, 2023",neutral
Two tech giants have contrasting earnings,"Aug 4, 2023",neutral
Apple’s sales fall for the third consecutive quarter,"Aug 4, 2023",negative
"Taylor Swift Gives $100,000 Bonuses to Eras Tour Truckers","Aug 3, 2023",positive
"Save on MacBooks, iPads and more with these back-to-school Apple deals","Aug 1, 2023",neutral
iOS 17 tips and tricks: Quality of life improvements and FaceTime fun,"Jul 28, 2023",neutral
"AI ushering in a 'profound change in our relationship to machines,' says tech pioneer","Jul 27, 2023",neutral
"The best budget phones in 2024, tried and tested","Jan 10, 2024",neutral
Our brave new AI working world,"Jul 27, 2023",neutral
Our brave new AI working world,"Jul 27, 2023",neutral
"""Ultra-rare"" Apple sneakers on sale for $50,000","Jul 27, 2023",positive
"The 10 best Amazon deals to shop this week: Adidas, Ninja, Crocs and more","Jul 26, 2023",neutral
"‘Ultra-rare’ Apple sneakers on sale for $50,000","Jul 26, 2023",positive
"Microsoft, Google and Snap report earnings","Jul 26, 2023",neutral
Apple faces $1 billion UK lawsuit by app developers over App Store fees,"Jul 25, 2023",negative
July 30 Tokyo 2020 Olympics news and results,"Dec 3, 2023",neutral
Harry and Meghan interview fallout,"Dec 3, 2023",neutral
5 things the AirPods Pro do better than any other wireless earbuds,"Jul 20, 2023",positive
Amazon will let you pay with a wave of your hand at all Whole Foods stores,"Jul 20, 2023",positive
Apple’s macOS Sonoma brings big changes to Mac — but should you install now or wait?,"Jul 18, 2023",neutral
Amazon and Apple fined $218 million by Spain antitrust watchdog,"Jul 18, 2023",neutral
"‘Elusive’ Apple iPhone from 2007 sells for $190,000","Jul 18, 2023",positive
"Original Apple iPhone sells for more than $190,000","Aug 9, 2023",positive
Now Streaming: 'Foundation' season 2,"Jul 18, 2023",neutral
Fairphone urges industry action on DIY smartphone repairs,"Jul 17, 2023",neutral
Al Ain Adventure Park: Wild water sports out in the desert (photos),"Jul 17, 2023",neutral
The 2020 MacBook Air is down to the lowest price we’ve seen during Prime Day,"Jul 14, 2023",neutral
iOS 17 preview: We tried the biggest new features coming to your iPhone,"Jul 14, 2023",neutral
New developments in the AI world,"Jul 14, 2023",neutral
Otter Chaos: The sea otter stealing surfboards,"Jul 13, 2023",neutral
The best Lightning Deals of Amazon Prime Day 2023,"Jul 13, 2023",neutral
Sea otter wrestles surfboard away from its rider,"Jul 13, 2023",neutral
We found the 193 best Amazon deals to shop before Prime Day 2023 is over,"Jul 13, 2023",neutral
Elon Musk launches new AI company,"Jul 13, 2023",neutral
The best laptop deals to shop during Amazon Prime Day,"Jul 12, 2023",neutral
The 32 best Apple deals to get on Amazon Prime Day before they’re gone,"Jul 12, 2023",positive
These are the best iPhone deals on Amazon Prime Day 2023,"Jul 12, 2023",neutral
The 2020 MacBook Air is down to the lowest price we’ve seen during Prime Day,"Jul 12, 2023",positive
The 10 best iPad deals to upgrade your tablet game for Amazon Prime Day 2023,"Jul 12, 2023",neutral
We found the 151 best Amazon deals to shop during Prime Day 2023,"Jul 12, 2023",neutral
"The 33 best tech deals from Amazon Prime Day 2023, from Samsung and Sony to Apple and Bose","Jul 11, 2023",neutral
These are the best iPhone deals on Amazon Prime Day 2023,"Jul 11, 2023",neutral
The 21 best Apple deals you can shop on Amazon Prime Day,"Jul 11, 2023",neutral
The best laptop deals to shop during Amazon Prime Day,"Jul 11, 2023",neutral
The best AirPod deals to shop this Amazon Prime Day 2023,"Jul 11, 2023",neutral
The 10 best iPad deals to upgrade your tablet game for Amazon Prime Day 2023,"Jul 11, 2023",positive
Hollywood Minute: Taylor Swift's 'new' album,"Jul 8, 2023",neutral
Apple Watch SE vs. Series 7: Which model is right for you?,"Jul 7, 2023",neutral
Taylor Swift's album 'Speak Now (Taylor's Version)' is here,"Jul 7, 2023",neutral
Nomad’s new Apple Watch band is perfect for summer — but you should act fast,"Jul 6, 2023",positive
The most delicious Turkish dishes,"Jul 5, 2023",neutral
The new Mac Studio is one of the fastest computers ever — but do you really need all that power?,"Jul 3, 2023",positive
Apple's market cap reaches record $3 trillion,"Jul 1, 2023",positive
"Apple is now worth $3 trillion, boosted by the Nasdaq’s best start in 40 years","Jun 30, 2023",positive
"AI needs 'a new era of law and regulation,' says Microsoft president","Jun 29, 2023",neutral
"AI needs 'a new era of law and regulation,' says Microsoft president","Jun 29, 2023",neutral
"The 10 best Amazon deals to shop this week: Thermacell, Apple, Dyson and more","Jun 28, 2023",neutral
"The best sales to shop today: Waterpik, Ninja, Philips Hue and more","Jun 27, 2023",neutral
"This smartphone folds in half. It's also $1,800. We tried out Google's new phone","Jun 26, 2023",neutral
The 15-inch MacBook Air is a superb big-screen laptop that’s still super portable,"Jun 26, 2023",positive
Apple Vision Pro vs. Meta Quest Pro: Which headset is right for you?,"Jun 26, 2023",neutral
AirTag vs. Tile: Here’s how to pick the right tracker for you,"Jun 23, 2023",neutral
iPhone 14 vs. iPhone 13: Which one is right for you?,"Jun 23, 2023",neutral
Forget the M2 MacBook Pro — here’s why the M2 MacBook Air is a far better value,"Jun 23, 2023",positive
Buying a used Mac? Here’s everything you need to know,"Jun 23, 2023",positive
Satisfying your sweet tooth is about to get more expensive,"Jun 22, 2023",neutral
"The best sales to shop today: iPad, Eero, Scrub Daddy and more","Jun 21, 2023",neutral
"Spotify executive: Harry and Meghan are ""grifters""","Jun 20, 2023",neutral
The Google Pixel Tablet is a great slate that doubles as a smart display,"Jun 20, 2023",neutral
Recycling laptops for better education,"Jun 16, 2023",neutral
Eco-conscious airlines around the world,"Jun 16, 2023",neutral
"The 10 best Amazon deals to shop this week: Sony, LifeStraw, Ninja and more","Jun 15, 2023",neutral
The Technics EAH-AZ60M2 are strong ANC earbuds — but do they beat Apple and Sony?,"Jun 14, 2023",neutral
"The best sales to shop today: Stanley, Sonos, Bissell and more","Jun 14, 2023",neutral
Amazon is trying to make it simpler to sift through thousands of user reviews,"Jun 13, 2023",neutral
MacBook Air 15-inch vs. MacBook Air 13-inch: Which Apple laptop is right for you?,"Jun 13, 2023",neutral
Tim Cook bets his legacy on augmented reality,"Jun 13, 2023",positive
In pictures: Apple CEO Tim Cook,"Jun 13, 2023",neutral
BTS celebrates 10 year anniversary,"Jun 13, 2023",neutral
Apple is determined to make headsets cool,"Jun 10, 2023",positive
Mark Zuckerberg has thoughts on Apple’s new mixed reality headset,"Jun 9, 2023",neutral
Opinion: How Apple’s Vision Pro could change the world,"Jun 9, 2023",positive
Prince Harry finishes testifying in UK phone hacking case,"Jun 8, 2023",neutral
Prince Harry back in court to give evidence in phone hacking case,"Jun 7, 2023",neutral
The rivalry between Meta and Apple is moving to a new playing field: virtual reality,"Jun 7, 2023",neutral
Why Prince Harry went to court,"Jun 6, 2023",neutral
Prince Harry hits back against UK tabloids,"Jun 6, 2023",neutral
I tried Apple’s new headset. Here’s what it’s like to use,"Jun 6, 2023",positive
"Apple unveils $3,500 mixed-reality headset","Jun 6, 2023",neutral
Prince Harry gives evidence in London phone hacking case,"Jun 6, 2023",neutral
"The best sales to shop today: Brooklinen, Philips Hue, Apple and more","Jun 6, 2023",neutral
"We saw Apple’s Vision Pro up close — who is this $3,500 headset for?","Jun 6, 2023",positive
"Apple unveils new mixed reality headset for $3,500","Jun 6, 2023",positive
Apple's autocorrect tweak,"Jun 6, 2023",positive
Live updates: Apple unveils new products at WWDC 2023 event,"Jun 5, 2023",positive
The new 15-inch MacBook Air is up for preorder now — and we tried it,"Jun 5, 2023",neutral
"Video: See Apple's new $3,499 mixed reality headset","Jun 6, 2023",positive
5 takeaways from Apple’s biggest product event in years,"Jun 5, 2023",positive
Apple unveils mixed reality headset,"Jun 5, 2023",neutral
This could be Apple’s biggest product launch since the Apple Watch,"Jun 5, 2023",positive
Who owns content generated by AI?,"Jun 5, 2023",neutral
"Our favorite product releases this week: Barbie, OtterBox and Our Place","Jun 2, 2023",neutral
"The best sales to shop this weekend: Truff, Sonos, Apple and more","Jun 2, 2023",positive
Apple may soon show off its biggest and riskiest new hardware product in years,"Jun 2, 2023",positive
FDA finalizes limit on how much arsenic can be in apple juice,"Jun 2, 2023",neutral
"The best sales to shop today: Lululemon, Dyson, Scrub Daddy and more","Jun 1, 2023",neutral
The latest ultra-powerful Apple iPad Pro tablet is on sale right now,"Jun 1, 2023",positive
The AirPods Pro 2 are the new gold standard for Apple earbuds,"May 31, 2023",positive
Here are the best deals on Apple products for Memorial Day,"May 29, 2023",neutral
Wedbush Securities sees an $800 billion market opportunity in tech companies,"May 26, 2023",neutral
The Londoner Macao resort,"May 25, 2023",neutral
Jeff Bezos and Lauren Sanchez get engaged,"May 23, 2023",neutral
Apple announces multibillion-dollar agreement for 5G components made in US,"May 23, 2023",positive
Why Tokyo is the city of 'contradictions',"May 23, 2023",neutral
Enjoy Tokyo like the locals do,"May 23, 2023",neutral
Chasing the perfect blossom,"May 23, 2023",neutral
One Taylor Swift fan found a different way to get into her concert. See how,"May 22, 2023",neutral
"Everyone wants a foldable phone, but most of us can’t afford one yet","May 21, 2023",positive
New York City is sinking as sea levels rise,"May 20, 2023",neutral
Apple got rich in China. Other Asian markets offer the next ‘golden opportunity’,"May 20, 2023",positive
Photos show children of immigrants stepping into their parents’ shoes,"May 19, 2023",neutral
Apple’s $19 EarPods are hot again — here’s what it’s like to actually use them,"May 18, 2023",positive
The fastest charger for your iPhone 13,"May 18, 2023",neutral
"The 10 best Amazon deals to shop this week: Stanley, MacBook, Olay and more","May 18, 2023",positive
'Insatiable': Royal commentator on what Harry and Meghan chase reveals,"May 18, 2023",neutral
Analyst breaks down what happened during Harry and Meghan's alleged car chase,"May 17, 2023",neutral
Photos of the ‘Mother’s Market’ in India,"May 17, 2023",neutral
Your iPhone will soon be able to replicate your voice after 15 minutes of training,"May 16, 2023",positive
"The best sales to shop today: Nike, Mac Mini, Philips Hue and more","May 16, 2023",neutral
"Smartphone history film, 'BlackBerry'","May 16, 2023",neutral
A 4-pack of Apple AirTags is on sale right now,"May 16, 2023",neutral
"The best sales to shop today: Apple, Zappos, Cabeau and more","May 15, 2023",neutral
The excellent MacBook Air M2 just beat out its lowest-ever price at Amazon,"Apr 10, 2024",positive
Hear Reddit co-founder's response when asked if Government is equipped to regulate AI,"May 13, 2023",neutral
AI investor explains how this new technology could revolutionize how we watch television,"May 11, 2023",neutral
"A foldable phone, new tablet and lots of AI: What Google unveiled at its big developer event","May 11, 2023",neutral
"We got a sneak peek at the Google Pixel Tablet, up for preorder now","May 11, 2023",neutral
"The 10 best Amazon deals to shop this week: Anker, Mario Badescu, Tramontina and more","May 10, 2023",neutral
Artificial intelligence and the future of work,"May 9, 2023",neutral
"The best sales to shop today: Logitech, Therabody, HigherDose and more","May 9, 2023",neutral
Incredible railway experiences around the world,"May 8, 2023",neutral
Hear how Ed Sheeran describes his friendship with Taylor Swift,"May 5, 2023",neutral
"Highlights of Nagoya, Japan","May 5, 2023",neutral
Apple posts second consecutive quarterly revenue decline,"May 5, 2023",negative
Our favorite 2-in-1 laptop combines portability and capability at an all-time low price,"May 4, 2023",neutral
"The 10 best Amazon deals to shop this week: Apple, Cuisinart, OtterBox and more","May 4, 2023",neutral
Apple and Google are teaming up on a plan to make Bluetooth trackers like AirTags safer,"May 3, 2023",positive
The best walking trails that explore the flora and fauna of South Africa (photos),"May 3, 2023",neutral
'The Godfather of AI' quits Google and warns of its dangers. Apple co-founder weighs in,"May 2, 2023",positive
"Met Gala red carpet moments, through the years","May 1, 2023",neutral
"The best sales to shop today: KitchenAid, Chewy, Yeti and more","May 1, 2023",neutral
The iPhone 14 is more of a good thing — but is it the right phone for you?,"May 1, 2023",positive
Why everyone in business loves India right now,"May 1, 2023",neutral
Taylor Swift tour reveals some consumers willing to splurge,"Apr 30, 2023",positive
Take a look at the world’s first underwater farm,"Apr 27, 2023",neutral
Live Updates: Microsoft and Google shares pop after earnings results,"Apr 26, 2023",neutral
"Driver of SUV that crashed into a Massachusetts Apple store accelerated to 60 mph before deadly crash, prosecutor says","Apr 25, 2023",negative
Appeals court largely sides with Apple on ‘Fortnite’ antitrust case,"Apr 24, 2023",positive
The peril and the promise of AI,"Apr 24, 2023",neutral
Harry and Meghan talk about decision to leave royal life (2021),"Apr 23, 2023",neutral
How to protect yourself from iPhone thieves locking you out of your own device,"Apr 23, 2023",positive
Score an Apple Mac Mini with M2 chip at one of its lowest prices yet,"May 16, 2023",positive
My Drive with Toyin Abraham Ajeyemi,"Apr 21, 2023",neutral
The music industry is on alert after AI-generated Drake song goes viral,"Apr 20, 2023",positive
"The best sales to shop today: iPad, Casper, GreenPan and more","Apr 20, 2023",neutral
Americans are buying more marijuana than chocolate,"Apr 20, 2023",neutral
Apple commits to investing across India as Tim Cook opens second store,"Apr 20, 2023",positive
Apple is giving banks a run for their money,"Apr 18, 2023",positive
Tim Cook opens first Apple store in India,"Apr 18, 2023",neutral
Apple CEO was presented with an original Macintosh. See his reaction,"Apr 18, 2023",positive
Apple opening its first retail stores in India,"Apr 18, 2023",positive
Apple offers 4.15% high-yield savings to its Apple Card holders,"Apr 17, 2023",positive
In pictures: Golf icon Tiger Woods,"Apr 16, 2023",neutral
The president of the world's first artificial intelligence university speaks to CNN about the benefits and dangers of artificial intelligence,"Apr 12, 2023",neutral
Inside ICON: The 3D printing architecture company with out of this world ambition,"Apr 12, 2023",neutral
"The secrets to making perfect macarons at home, according to a pastry chef","Apr 11, 2023",neutral
"The best sales to shop today: Dyson, Logitech, Windmill and more","Apr 11, 2023",neutral
New trains and new rail routes to travel in Japan,"Apr 11, 2023",neutral
The best tips and tricks for iOS 16 features and the new iOS 16.4,"Apr 10, 2023",positive
A bunch of Apple accessories are over 50% off right now,"Apr 7, 2023",neutral
Apple is set to open its first retail store in Mumbai as it bets big on India,"Apr 6, 2023",positive
Apple’s Weather app briefly went down and rained on everyone’s morning,"Apr 4, 2023",positive
Sazenka: Tokyo’s best high-end Chinese restaurant,"Apr 4, 2023",neutral
"Our pick for the best budget e-reader, the Kindle Paperwhite, is $50 off today","Oct 3, 2023",neutral
"GM plans to phase out Apple CarPlay in EVs, with Google’s help","Apr 1, 2023",negative
"Our favorite product releases this week: Glossier, Olaplex, Gravity and more","Mar 31, 2023",neutral
"New airport, new experiences: Why 2023 is the year to visit Mongolia","Mar 31, 2023",neutral
"The best sales to shop today: Apple, Bando, Coway and more","Mar 30, 2023",neutral
2023 MLB season kicks off,"Mar 30, 2023",neutral
"Acer’s slim, sizable Swift Edge is a steal right now at Amazon","Mar 29, 2023",neutral
Prince Harry at London's High Court,"Mar 29, 2023",neutral
Pepsi gets a new logo,"Mar 29, 2023",neutral
"Apple launches buy now, pay later service","Mar 28, 2023",positive
Liam Garner’s incredible ride from Alaska to Argentina (Photos),"Mar 27, 2023",neutral
"After TikTok chief’s grilling in Washington, Apple’s Tim Cook is all smiles in Beijing","Mar 25, 2023",positive
Abu Dhabi’s best restaurants (photos),"Mar 24, 2023",neutral
"March 23, 2023 - TikTok CEO Shou Chew testifies before Congress","Mar 24, 2023",neutral
Adam Sandler’s career in comedy,"Mar 23, 2023",neutral
AI rises to 'top of the list' for tech bosses,"Mar 21, 2023",positive
Photos of the Pegasus superyacht concept,"Mar 21, 2023",neutral
See how Taylor Swift surprised one super fan,"Mar 21, 2023",positive
"AI rises to ""top of the list"" for tech bosses","Mar 20, 2023",positive
A photo tour of Italy ghost village San Severino,"Mar 20, 2023",neutral
Latest on banks and global markets,"Mar 17, 2023",neutral
Go inside the Harry Potter Studio Tour in Tokyo,"Mar 15, 2023",neutral
Macao reopens to tourism after Covid,"Mar 15, 2023",neutral
"Masatoshi Ito, Japanese billionaire behind the rise of 7-Eleven, dies at 98","Mar 15, 2023",neutral
"This chef runs a Tokyo restaurant with an outstanding reputation, but only six seats","Mar 13, 2023",neutral
Bill Maher shares Elon Musk's next potential project. Hear the audience's immediate reaction,"Mar 11, 2023",neutral
How pearls helped shape the future of Qatar,"Mar 9, 2023",neutral
Apple supplier Foxconn is on the hunt for semiconductor and EV deals in India,"Mar 4, 2023",neutral
"In Dubai, camels are being cloned for beauty pageants and races","Mar 1, 2023",neutral
Apple supplier unlikely to resume full India operations for two months after massive fire,"Feb 28, 2023",negative
The reality behind aviation’s golden age,"Feb 28, 2023",neutral
The only woman living on a former Italian prison island,"Feb 24, 2023",neutral
"A first generation iPhone fetches $63,000 at auction","Feb 21, 2023",positive
New online superstore surpasses Amazon and Walmart to become most downloaded app in US,"Feb 19, 2023",positive
Traveling the world as a wheelchair user,"Feb 17, 2023",neutral
Malik Afegbua’s stunning AI art,"Feb 16, 2023",neutral
How Amsterdam’s North-South metro line unearthed hidden artifacts,"Feb 13, 2023",neutral
The retired Boeing 737 that’s been transformed into a private villa,"Feb 13, 2023",neutral
Is the iPhone’s ‘Made in India’ era about to begin?,"Feb 11, 2023",neutral
Amazon's customer satisfaction is going down. Here's why,"Feb 9, 2023",neutral
This family of four are driving around Asia in a bus,"Feb 8, 2023",neutral
"'Dear Edward' looks at grief, healing","Feb 6, 2023",neutral
Foxconn January sales hit record high after production restored at world’s biggest iPhone factory,"Feb 6, 2023",positive
"Apple, Amazon and Google post earnings that disappoint","Feb 3, 2023",negative
Democratic senator urges Apple and Google to ban TikTok from their app stores,"Feb 2, 2023",negative
How to live in an airplane (photos),"Feb 2, 2023",neutral
"Apple and Google’s app stores wield ‘gatekeeper’ power and should be reined in, Commerce Department says","Feb 1, 2023",positive
Apple is the only US tech giant to have avoided significant layoffs. Will it last?,"Feb 1, 2023",positive
"Apple has infringed on worker rights, NLRB investigators say","Jan 31, 2023",negative
Jason Segel turns therapy upside down in 'Shrinking',"Jan 30, 2023",neutral
A family of pilots travels the world in a small plane (photos),"Jan 30, 2023",neutral
'Make my dad famous': A daughter's quest to showcase her dad's artwork,"Jan 29, 2023",neutral
Look of the Week: Apple Martin looks every bit the ‘Chanel girl’,"Jan 27, 2023",neutral
How one bio-designer is imagining food of the future,"Jan 27, 2023",neutral
Stocks rise after America’s economy grew more than expected,"Jan 26, 2023",neutral
These two women have visited every country in the world (photos),"Jan 26, 2023",neutral
"Timothée Chalamet wants an Apple TV+ project, too","Jan 25, 2023",neutral
The 2023 MacBook Pro makes our favorite premium laptop even better,"May 30, 2023",positive
Bratislava’s architecture is out of this world,"Jan 25, 2023",neutral
Lawmakers grill ticketing industry after Taylor Swift concert fiasco,"Jan 24, 2023",neutral
America’s biggest banks are taking on Apple Pay and PayPal,"Jan 24, 2023",positive
The world’s longest flight was more than two months long,"Jan 24, 2023",neutral
She thought she had a stomach bug. Her Apple Watch alerted her it was more,"Jan 20, 2023",positive
This woman is riding around the world with her German shepherd,"Jan 16, 2023",neutral
Tim Cook agrees to a massive pay cut,"Jan 13, 2023",positive
Christina Applegate to make her first awards show appearance since MS diagnosis,"Jan 13, 2023",neutral
Why Apple may finally be embracing touchscreen laptops,"Jan 12, 2023",positive
How technology is helping aviation to be more sustainable,"Jan 12, 2023",neutral
Apple’s first US labor union reaches new milestone for tech industry,"Jan 11, 2023",positive
Japan offers world’s most powerful passport,"Jan 10, 2023",neutral
Prince Harry explains why he refers to William as 'arch-nemesis' in new book,"Jan 8, 2023",neutral
Watch: Late night hosts react to Prince Harry's memoir,"Jan 6, 2023",neutral
Apple is raising the price of iPhone battery replacements,"Jan 4, 2023",positive
These airlines are least likely to delay your flight,"Jan 4, 2023",neutral
World’s largest iPhone factory bounces back from Covid disruption that hurt Apple,"Jan 4, 2023",positive
Apple has lost $1 trillion in market value in a year,"Jan 3, 2023",negative
See adorable photo of Anderson's son and Andy's son mimicking their dads on set,"Jan 1, 2023",neutral
More than 200 works brought together for major Yayoi Kusama retrospective,"Dec 31, 2022",neutral
These humanoid robots are breaking new ground,"Dec 28, 2022",neutral
The complicated history of 'Surfin' U.S.A.',"Dec 23, 2022",neutral
The unique way Lizzo avoids copyright lawsuits,"Dec 23, 2022",neutral
Why Andy and Jamie Murray expect padel to have a bright future,"Dec 22, 2022",neutral
Photographer goes inside the secretive world of sumo wrestling,"Dec 21, 2022",neutral
‘How to make applesauce’: A photograph that made time stand still,"Dec 19, 2022",neutral
World’s largest menorah will be lit tonight in New York City,"Dec 18, 2022",neutral
"Her ex-boyfriend stalked her using an AirTag. Now, she's suing Apple","Dec 16, 2022",negative
In pictures: NASA’s historic Artemis I mission,"Dec 15, 2022",neutral
In pictures: Billionaire entrepreneur Elon Musk,"Dec 15, 2022",neutral
Castle and village of Serravalle in Italy goes up for sale,"Dec 14, 2022",neutral
Hollywood Minute: Taylor Swift 'shakes off' five-year lawsuit,"Dec 13, 2022",neutral
"Inspired by nature, these architectural designs were created with the help of artificial intelligence","Dec 12, 2022",neutral
This AI was built to tell pastries apart. Now it's helping fight cancer,"Dec 12, 2022",neutral
Apple made China the backbone of its iPhone assembly. Shifting away could take years,"Dec 12, 2022",positive
Ski resorts at their best for Christmas,"Dec 12, 2022",neutral
Analysis: Will ‘Emancipation’ set Will Smith free from ‘the slap?’,"Dec 10, 2022",neutral
Malicious use of Apple AirTags could prompt changes,"Dec 9, 2022",positive
How Abu Dhabi is creating a new generation of AI experts,"Dec 9, 2022",neutral
Apple abandons controversial plan to check iOS devices and iCloud photos for child abuse imagery,"Dec 8, 2022",positive
"The AI chatbot coming for your job, 'Swifties' take on Ticketmaster, and Apple sued for AirTag stalking","Dec 8, 2022",positive
See how Prince Harry proposed to Meghan Markle,"Dec 8, 2022",neutral
Apple sued by two women alleging their exes used AirTags to stalk them,"Dec 8, 2022",negative
Reporter breaks down what's in the 'Harry & Meghan' Netflix series so far,"Dec 8, 2022",neutral
Apple plans to expand encryption of iCloud data,"Dec 8, 2022",neutral
Apple iPad Mini vs. Amazon Kindle Scribe vs. ReMarkable 2: Which tablet is right for you?,"Dec 7, 2022",neutral
In pictures: The attack on Pearl Harbor,"Dec 7, 2022",neutral
"Apple now lets developers charge as much as $10,000 for an app","Dec 6, 2022",positive
Get Apple’s latest iPad at an all-time low price right now,"Dec 6, 2022",positive
Opinion: A hallelujah moment for iPhone users everywhere,"Dec 6, 2022",positive
"DOJ antitrust regulators should look at Apple, Google’s handling of TikTok, says FCC commissioner","Dec 5, 2022",positive
"Forget smartwatches, consumers are snapping up these quirky alternatives","Dec 5, 2022",neutral
More than two dozen Taylor Swift fans sue Ticketmaster,"Dec 5, 2022",neutral
Foxconn says it’s restoring production at the world’s largest iPhone factory,"Dec 5, 2022",positive
Amazon is filled with ads. Here's how to avoid making a bad purchase,"Dec 3, 2022",neutral
In pictures: Prince William and Kate visit Boston,"Dec 3, 2022",neutral
Stocks tumble after better-than-expected jobs report,"Dec 3, 2022",neutral
Have you noticed shopping on Amazon has gotten worse? Here's why,"Dec 2, 2022",neutral
Zuckerberg critical of Apple and App Store practices,"Dec 1, 2022",negative
The innovations making aviation greener,"Dec 1, 2022",neutral
"China’s Zhengzhou, home to world’s largest iPhone factory, ends Covid lockdown. Other cities do the same","Nov 30, 2022",neutral
Two victims of Apple store crash file lawsuits claiming negligence,"Nov 29, 2022",negative
Elon Musk claims Apple has ‘threatened to withhold’ Twitter from its app store,"Nov 29, 2022",negative
Best Buy’s Cyber Monday deals are almost over — here’s your last chance to save big,"Nov 29, 2022",neutral
Your last chance to shop the 59 best Cyber Monday travel deals before they’re gone,"Nov 28, 2022",neutral
Watch what one of the first Cyber Mondays looked like,"Nov 28, 2022",neutral
The Apple Watch Series 8 makes the best smartwatch better — but is it worth the upgrade?,"Nov 28, 2022",positive
"Black Friday is over, but these 157 Amazon deals are still live","Nov 26, 2022",neutral
Apple has a huge problem with an iPhone factory in China,"Nov 26, 2022",negative
Best Buy’s Black Friday deals are live — here are the best ones,"Nov 26, 2022",neutral
Amami Oshima: Japan’s UNESCO-listed subtropical island paradise,"Nov 23, 2022",neutral
"1 dead, at least 19 injured after car drives through Massachusetts Apple store","Nov 22, 2022",negative
Kindle’s 15-year anniversary is a reminder simplicity is king,"Nov 20, 2022",neutral
Good luck finding an iPhone 14 Pro before Christmas,"Nov 17, 2022",negative
Why Christina Applegate went barefoot during Walk of Fame ceremony,"Nov 17, 2022",neutral
We tried Apple’s new SOS tool for when you don’t have cell service,"Nov 15, 2022",positive
See how Apple's $450M emergency SOS service works,"Nov 15, 2022",neutral
These wellness resorts will help ease the strain of recent times,"Nov 15, 2022",neutral
The best Christmas markets in the world,"Nov 11, 2022",neutral
Apple curbs AirDrop file sharing on devices in China,"Nov 11, 2022",positive
Apple iPad (10th gen) vs. iPad (9th gen): Which one should you buy?,"Nov 8, 2022",neutral
Why Apple may be working on a ‘hey Siri’ change,"Nov 7, 2022",neutral
Apple expects iPhone 14 shipments to be hit by China’s Covid curbs,"Nov 7, 2022",negative
In pictures: The 2022 World Series,"Nov 6, 2022",neutral
Selena Gomez's documentary shows the star during vulnerable moments in her mental wellness battle,"Nov 4, 2022",neutral
"A photo tour of the Turkish island of Bozcaada, a popular escape from modern life","Nov 4, 2022",neutral
Hong Kong’s historic Tai Ping Koon restaurant,"Nov 4, 2022",neutral
"The best sales to shop today: iPad Mini, Big Blanket Co., Thousand Fell and more","Nov 3, 2022",neutral
The new Apple TV 4K makes the best high-end streaming device better — and cheaper,"Nov 3, 2022",positive
"CNN 10: The big stories of the day, explained in 10 minutes","Nov 3, 2022",neutral
Stocks tumble after Fed signals rate hikes are here to stay,"Nov 2, 2022",negative
A photo tour of Niagara Parks Power Station and tunnel,"Nov 2, 2022",neutral
Ayobola Kekere-Ekun’s vibrant artworks,"Nov 2, 2022",neutral
Spotify is going to war with Apple after the App Store rejected its big new feature,"Nov 2, 2022",negative
See why Japan's newest theme park has no rides,"Nov 1, 2022",neutral
Veteran Black adventurer J.R. Harris’s life of travel (photos),"Nov 1, 2022",neutral
Brooklyn Nets star Kyrie Irving defends his tweet about a documentary criticized as antisemitic and stands by sharing a video by Alex Jones,"Oct 31, 2022",neutral
"The iPad Pro M2 is the fastest tablet ever, but is it right for you?","Oct 31, 2022",neutral
Apple is weathering the economic downturn better than fellow tech giants,"Oct 28, 2022",positive
Apple earnings may offer a hint about the iPhone 14’s success,"Oct 27, 2022",positive
"Apple will support USB-C charging to comply with new EU requirement, exec says","Oct 26, 2022",neutral
The blind skateboarder challenging misconceptions about sight and sport,"Oct 25, 2022",neutral
EU formally adopts law requiring Apple to support USB-C chargers,"Oct 25, 2022",positive
Apple raises prices for music and TV streaming services,"Oct 24, 2022",positive
Steve Bannon sentenced to 4 months in prison for contempt of Congress,"Oct 21, 2022",neutral
Apple’s industrial design chief to depart company three years after Jony Ive,"Oct 21, 2022",positive
Inside Dubai’s new Mohammed Bin Rashid Library (photos),"Oct 21, 2022",neutral
Dugongs: the aquatic mammals that inspired mermaids,"Oct 21, 2022",neutral
Is the era of flying cars finally here?,"Oct 19, 2022",neutral
IPhone maker Foxconn wants to dominate electric car manufacturing,"Oct 18, 2022",neutral
Photos of the world’s coolest neighborhoods,"Oct 16, 2022",neutral
Workers at second Apple store vote to join union,"Oct 15, 2022",positive
"What to do with your old phones, gadgets and other e-waste","Oct 14, 2022",neutral
Apple store workers in Oklahoma to vote on labor union,"Oct 13, 2022",positive
"Microsoft unveils $4,299 Surface desktop computer","Oct 13, 2022",neutral
New Google Pixel features help visually impaired take selfies,"Oct 6, 2022",neutral
New Google Pixel features help visually impaired take selfies,"Oct 6, 2022",neutral
SpaceX and NASA send international astronauts to space,"Oct 5, 2022",neutral
Google Japan builds stick keyboard more than 5-feet long,"Oct 4, 2022",neutral
Apple is one step closer to being forced to ditch its Lightning charger in Europe,"Oct 4, 2022",negative
Video: Tesla debuts robot 'Optimus' that can dance and water plants,"Oct 1, 2022",neutral
Video: Tesla debuts robot 'Optimus' that can dance and water plants,"Oct 1, 2022",neutral
Photos: They fell in love in Mexico in 1981. Four months later she was diagnosed with cancer,"Sep 29, 2022",neutral
Amazon’s $999 dog-like robot is getting smarter,"Sep 29, 2022",neutral
Check out Amazon's new sleep tracker and Kindle you can write on,"Sep 29, 2022",neutral
Apple stock drops on concerns about iPhone 14 demand,"Sep 28, 2022",negative
Apple removes Russian social media giant VK from app store,"Sep 28, 2022",neutral
A luxury stay in an Abu Dhabi desert camp (photos),"Sep 28, 2022",neutral
Apple News users receive racist messages after Fast Company hacked,"Sep 28, 2022",negative
Teenie Beanies: McDonald's 1997 toy craze,"Sep 27, 2022",neutral
"The best sales to shop today: ThirdLove, Apple Watch, Theragun and more","Sep 26, 2022",positive
Apple is making the iPhone 14 in India as China headaches mount,"Sep 26, 2022",positive
In pictures: Fiona slams Canada’s Atlantic coast,"Sep 25, 2022",neutral
Fiona slams Canada’s Atlantic coast,"Sep 24, 2022",neutral
Skytrax ranks the world’s best airlines for 2022 (photos),"Sep 23, 2022",neutral
New York attorney general sues Trump,"Sep 21, 2022",neutral
The iPhone 14 Pro is a serious leap forward for those ready to upgrade,"Sep 21, 2022",positive
'Like a scary movie': Otter takes surfer's board,"Sep 20, 2022",neutral
These colorful ‘pocket parks’ are revitalizing public space,"Sep 19, 2022",neutral
The week in 32 photos,"Sep 16, 2022",neutral
The biggest change to the new iPhone isn’t the hardware,"Sep 16, 2022",positive
This new iOS feature could save you from an embarrassing moment,"Sep 13, 2022",positive
Apple iOS 16 is now available for download,"Sep 12, 2022",positive
Why wireless carriers are able to give out iPhone 14s,"Sep 11, 2022",neutral
Apple’s latest products and features take aim at our greatest fears,"Sep 9, 2022",negative
Why Apple is ditching the physical SIM card,"Sep 9, 2022",neutral
Apple’s new pitch to consumers: Think darker,"Sep 9, 2022",positive
Russians will be able to buy the iPhone 14,"Sep 8, 2022",neutral
"Apple unveils new iPhones, Apple Watches and AirPods","Sep 8, 2022",neutral
Apple unveils iPhone 14 at ‘far out’ event,"Sep 8, 2022",positive
Apple announces satellite emergency SOS feature for iPhone 14,"Sep 8, 2022",positive
See the new Apple Watch Series 8 and Watch Ultra,"Sep 7, 2022",neutral
See Apple's new iPhone 14,"Sep 7, 2022",neutral
How do you like them Apples? Stock could get an iPhone 14 pop,"Sep 6, 2022",positive
What to expect at Apple’s ‘far out’ iPhone 14 event,"Sep 6, 2022",neutral
Royal expert predicts how media will react to Harry and Meghan's trip to UK,"Sep 5, 2022",neutral
Here’s what might drive up the prices on the newest iPhones,"Sep 1, 2022",positive
"Klarna CEO on 'buy now, pay later' competition from Apple","Aug 31, 2022",neutral
Tom Hanks is launching a trivia game on Apple Arcade,"Aug 31, 2022",neutral
Rendered images reveal Forge superyacht designed to look like a volcano,"Aug 30, 2022",neutral
Time Out lists the coolest streets in the world,"Aug 25, 2022",neutral
Apple expected to unveil new iPhones at ‘far out’ event on September 7,"Aug 24, 2022",positive
See James Corden fling ice cream across studio,"Aug 24, 2022",neutral
You should probably update your Apple devices right now,"Aug 19, 2022",positive
Apple issues emergency security alert: Update your device now,"Aug 19, 2022",positive
A pair of AirPods 3 is on sale for $140 at Target right now,"Apr 11, 2024",neutral
The rise and rise of the Asian American retail market,"Aug 17, 2022",neutral
Chinese tech company reveals robot weeks before Tesla,"Aug 16, 2022",neutral
Alternative foods for a better planet,"Aug 12, 2022",neutral
See Samsung's latest foldable phones,"Aug 10, 2022",neutral
Live updates: Samsung unveils new foldable phones,"Aug 10, 2022",neutral
Richer people are eating more at Applebee’s and IHOP,"Aug 9, 2022",neutral
Japan’s unexpected tourist destination for vending machine fans,"Aug 8, 2022",neutral
'I'm so proud to be his mum': Archie Battersbee's mother announces son's death,"Aug 7, 2022",neutral
The diamond-inspired superyacht concept with an on board ‘waterfall’,"Aug 5, 2022",neutral
Photos reveal cheap Italian home renovation with an elevator,"Aug 3, 2022",neutral
Dogs in Tokyo cool down with wearable fans,"Aug 2, 2022",neutral
Then and now: Photos of Thailand’s Maya Bay,"Aug 1, 2022",neutral
Photos of Abu Dhabi’s best cycling experiences,"Aug 1, 2022",neutral
Meet the Argentinian doctors setting up home in Sicily,"Jul 29, 2022",neutral
Why Apple can’t quit China,"Jul 29, 2022",positive
Apple’s profit declines nearly 11%,"Jul 29, 2022",negative
Space Perspective capsule photos,"Jul 27, 2022",neutral
What it’s like inside Boeing’s new 777X,"Jul 27, 2022",neutral
"Al-Ibaidiya, Sudan","Jul 25, 2022",neutral
Underwater Lockheed Martin Tristar becomes a haven for divers (photos),"Jul 22, 2022",neutral
The MacBook Air M2 is the Apple laptop I’ve been waiting for,"Jul 20, 2022",positive
"Sardinia’s ‘100 Towers Path,’ one of Italy’s most stunning coastal hikes","Jul 20, 2022",neutral
Apple agrees to pay $50 million to settle issues related to its ‘butterfly’ keyboards,"Jul 19, 2022",positive
Japan offers world’s most powerful passport,"Jul 19, 2022",neutral
The summer I met David Bowie,"Jul 19, 2022",neutral
Emu hilariously interrupts owner's video and has the internet in stitches,"Jul 19, 2022",neutral
World’s 50 best restaurants for 2022 revealed,"Jul 19, 2022",neutral
Chris Evans is not a fan of his fancy new iPhone,"Jul 18, 2022",neutral
'Captain America can't lift an iPhone?': Chris Evans thinks his iPhone 12 is too heavy,"Jul 18, 2022",neutral
The best Lightning Deals for Amazon Prime Day 2022,"Jul 18, 2022",neutral
11 of the world’s most dangerous hiking trails,"Jul 15, 2022",neutral
Former Apple CEO on healthcare and automation,"Jul 14, 2022",neutral
The best Lightning Deals for Amazon Prime Day 2022,"Jul 13, 2022",neutral
The best iPad keyboard cases in 2024,"Mar 4, 2024",neutral
TIME picks its top destinations of 2022,"Jul 12, 2022",neutral
In photos: Shock and grief as world reacts to Abe shooting,"Jul 12, 2022",neutral
Japan holds Shinzo Abe’s funeral,"Jul 12, 2022",neutral
The world’s biggest passenger plane is staging a comeback,"Jul 11, 2022",neutral
Twitter tells Elon Musk: We'll see you in court,"Jul 10, 2022",neutral
On GPS: Abe's assassination shocks Japan—and the world,"Jul 10, 2022",neutral
"July 9, 2022 Shinzo Abe assassination news","Jul 9, 2022",neutral
In pictures: Former Japanese Prime Minister Shinzo Abe assassinated,"Jul 9, 2022",neutral
In pictures: Former Japanese Prime Minister Shinzo Abe,"Jul 9, 2022",neutral
Former adviser: Honoring Abe is my last service to him,"Jul 8, 2022",neutral
Hear former Shinzo Abe adviser's reaction to assassination,"Jul 8, 2022",neutral
Saba: Caribbean island with a legendary airport,"Jul 8, 2022",neutral
Video shows moment Shinzo Abe was shot,"Jul 8, 2022",neutral
A look back at Shinzo Abe's political career,"Jul 8, 2022",neutral
"Photographer Barbara Iweins cataloged all 12,795 items in her house","Jul 7, 2022",neutral
Apple plans new feature to protect journalists and human rights workers from spyware,"Jul 6, 2022",positive
MacBook Pro M2 13-inch vs. MacBook Pro 14-inch: Which Apple laptop is for you?,"May 11, 2023",positive
"The seven year, round the world dog walk","Jul 1, 2022",neutral
The solar-powered vehicles reinventing electric transport,"Jul 1, 2022",neutral
Lost Collective’s photos of Australia’s abandoned places,"Jun 29, 2022",neutral
"Amazon introduces new warehouse robot, says it's not replacing human workers","Jun 27, 2022",neutral
"Apple and Google should face FTC probe over ad practices that could end up harming abortion-seekers, US lawmakers say","Jun 24, 2022",negative
The first Apple Store voted to unionize. One worker has a message for her colleagues.,"Jun 24, 2022",positive
A photo tour of Al Wathba Fossil Dunes in Abu Dhabi,"Jun 23, 2022",neutral
The Economist Intelligence Unit’s (EIU) Global Liveability Index,"Jun 23, 2022",neutral
AirAsia doubles down on super app,"Jun 22, 2022",neutral
Naomi Osaka and LeBron James launch new media company,"Jun 22, 2022",neutral
Biden says he is ‘proud’ of Apple retail workers who unionized,"Jun 20, 2022",positive
Hear from Apple employees on union victory,"Jun 20, 2022",neutral
Indigenous-led tourism in Australia’s Torres Strait,"Jun 20, 2022",neutral
Union wins right to represent workers at an Apple store for the first time,"Jun 19, 2022",positive
Jessica Nabongo’s new book charts her adventures visiting every country,"Jun 17, 2022",neutral
Apple retail workers in Maryland to begin voting in historic union election,"Jun 15, 2022",neutral
MLS and Apple announce 10-year streaming deal,"Jun 15, 2022",positive
See a double decker airplane seat prototype,"Jun 14, 2022",neutral
Apple may finally have to kill the Lightning port,"Jun 13, 2022",neutral
Apple's CEO responds to evolving workplace dynamics,"Jun 8, 2022",positive
New EU rule will require all phones and electronics to use a standard charger,"Jun 7, 2022",neutral
See the new features coming to iPhones,"Jun 7, 2022",neutral
Apple unveils iOS 16 with revamped lock screen and big changes to iMessage,"Jun 6, 2022",positive
Abu Dhabi best historical sites,"Jun 6, 2022",neutral
What to expect at Apple’s annual developer conference,"Jun 5, 2022",neutral
Anantara World Islands Dubai Resort,"Jun 2, 2022",neutral
North America’s greatest train journeys,"May 31, 2022",neutral
Harry Styles makes $300 music video with James Corden,"May 27, 2022",neutral
Apple boosts starting pay for US workers to $22 per hour,"May 26, 2022",positive
"Inside Emma Stone’s cliffside Malibu home, on the market for $4.3 million","May 26, 2022",neutral
The ancient Roman cheesecake that inspired today’s desserts (photos),"May 24, 2022",neutral
‘Kids of Cosplay’ photography series,"May 23, 2022",neutral
What is makgeolli?,"May 23, 2022",neutral
Elon Musk and Jeff Bezos are getting political on Twitter,"May 22, 2022",neutral
Intensifying battle between Elon Musk and Twitter,"May 22, 2022",neutral
People still call restaurants. Applebee’s is hiring someone else to answer,"May 21, 2022",neutral
How aviation is becoming more sustainable,"May 21, 2022",neutral
Amazing Australia experiences for every type of traveler,"May 19, 2022",neutral
Apple delays plan for Bay Area workers to be in office three days a week,"May 17, 2022",positive
Wuppertal’s incredible hanging electric railway (photos),"May 16, 2022",neutral
"Google announces new smartphones, a watch and tablet at its I/O developer conference","May 13, 2022",neutral
See how Google's new AR technology works,"May 12, 2022",neutral
Saudi Aramco eclipses Apple to once again become the world’s most valuable company,"May 12, 2022",neutral
Brendan Lawlor is the world No.1 golfer with a disability,"May 12, 2022",neutral
The latest on the Alabama fugitive case,"May 10, 2022",neutral
Apple is discontinuing its last iPod model,"May 10, 2022",negative
How to use AirPlay to beam content from your iPhone to your TV,"Feb 1, 2024",neutral
Piedmont’s gold: Why this Italian chocolate rules,"May 5, 2022",neutral
Taiwan’s most beautiful train,"May 3, 2022",neutral
EU says Apple Pay restrictions may harm competitors,"May 2, 2022",positive
In pictures: The life and career of Naomi Judd,"May 1, 2022",neutral
Apple employees demand more flexibility from company as three-day office return looms,"Apr 29, 2022",positive
Apple loses top spot in China as smartphone sales slump,"Apr 29, 2022",negative
Asia’s 50 best bars in 2022,"Apr 29, 2022",neutral
Apple warns of serious supply headwinds in China,"Apr 29, 2022",negative
Apple will now sell you parts to fix your own iPhone,"Apr 27, 2022",positive
Elon Musk to buy Twitter,"Apr 27, 2022",neutral
Elon Musk to buy Twitter,"Apr 26, 2022",neutral
Elon Musk in 2001: I'm a little tired of the internet,"Apr 25, 2022",neutral
Used Apple Watches: Everything you should know about buying or trading in,"Apr 25, 2022",positive
It’s not the Apple Store. It’s the Meta Store,"Apr 25, 2022",neutral
One of the world’s busiest airports is getting a makeover,"Apr 24, 2022",neutral
Apple Store employees in Atlanta file for union election,"Apr 20, 2022",neutral
Used iPhones: A guide on where and how to buy one,"Apr 19, 2022",neutral
Employees at a New York Apple store are trying to unionize,"Apr 19, 2022",positive
The world’s most over-the-top cruise ship cabins,"Apr 19, 2022",neutral
Watch coverage from 1985 after Steve Jobs lost his seat of power at Apple,"Apr 13, 2022",neutral
The world’s top city destinations in 2021,"Apr 13, 2022",neutral
iPhone supplier Pegatron suspends production at two factories in China,"Apr 13, 2022",negative
Apple’s Tim Cook warns of ‘unintended consequences’ in app store antitrust legislation,"Apr 12, 2022",positive
This travel photo project aims to change the meaning of ‘all-inclusive’,"Apr 12, 2022",neutral
The man who bought a mini cruise ship on craigslist,"Apr 8, 2022",neutral
Former top national security officials side with Apple in app store antitrust case,"Apr 1, 2022",positive
"Nerdy, geek: Friends describe Jeff Bezos in his 20s","Mar 31, 2022",neutral
'They're letting the fox into the hen house': How Bezos sold books to start his empire,"Mar 31, 2022",neutral
Expert: Amazon is a cult,"Mar 31, 2022",neutral
'Best thing I've ever seen in my life': This invention made Steve Jobs dance around,"Mar 31, 2022",positive
Seborga’s 60-year quest for independence from Italy (photos),"Mar 28, 2022",neutral
Why is Mo Brooks breaking from Donald Trump now?,"Mar 27, 2022",neutral
Arizona is the first state to accept digital driver’s licenses in Apple Wallet,"Mar 25, 2022",neutral
Protecting Pakistan's elusive snow leopards,"Mar 25, 2022",neutral
Protecting Pakistan’s elusive snow leopards from human-wildlife conflict,"Mar 25, 2022",neutral
Prep for spring with these 6 brilliant inventions from Amazon Launchpad,"Mar 22, 2022",neutral
"Apple services including App Store, Apple Music and iCloud hit by brief outage","Mar 21, 2022",positive
Applebee’s wants to be more like McDonald’s than Olive Garden,"Mar 20, 2022",neutral
'Lovely...innit?': See Adele get grilled over diamond on her ring finger,"Mar 17, 2022",neutral
One chef’s unusual versions of classic Italian foods (photos),"Mar 17, 2022",neutral
Best Peranakan food dishes,"Mar 14, 2022",neutral
"A tour of Coffee Caye, earmarked for micronation Islandia (photos)","Mar 10, 2022",neutral
Apple holds its first product event of the year,"Mar 9, 2022",positive
Apple unveils first budget 5G iPhone,"Mar 8, 2022",neutral
See Apple's 5G budget smartphone,"Mar 8, 2022",neutral
What to expect at Apple’s first product event of the year,"Mar 7, 2022",neutral
Ischia: Authentic Italy,"Mar 7, 2022",neutral
20 Amazon products our readers couldn’t stop buying in 2021,"Mar 4, 2022",neutral
Apple sets date for first product launch of the year,"Mar 2, 2022",neutral
Apple suspends all product sales in Russia,"Mar 1, 2022",negative
World’s most delicious pancakes,"Mar 1, 2022",neutral
Following Africa’s largest mammal migration,"Feb 28, 2022",neutral
The best breakfast foods from the Philippines,"Feb 25, 2022",neutral
Trump’s social media app goes live in Apple’s App Store,"Feb 22, 2022",positive
The world’s biggest cruise ship is making its debut,"Feb 21, 2022",neutral
Apple investors urged to vote against a nearly $100 million pay package for CEO Tim Cook,"Feb 17, 2022",negative
Apple's Face ID will soon work when you're wearing a mask. We put it to the test,"Feb 17, 2022",positive
This AI technology lets you skip the checkout line,"Feb 16, 2022",positive
Photos of China’s Yuncheng Lake,"Feb 16, 2022",neutral
Microsoft is on a buying binge. Here’s what it could buy next,"Feb 15, 2022",neutral
Apple plans AirTag updates to curb unwanted tracking,"Feb 10, 2022",positive
See Samsung's Galaxy S22 smartphone lineup,"Feb 9, 2022",neutral
In pictures: Olympic Mascot History,"Feb 9, 2022",neutral
Apple will let shoppers pay merchants by holding phones together,"Feb 8, 2022",positive
Sony World Photography Awards 2022: National Award winners from around the world,"Feb 8, 2022",neutral
Exploring African identity with ‘Ndebele Superhero’ Zana Masombuka,"Feb 8, 2022",neutral
Cliffhanger: Photos of US golfer Jordan Spieth hitting the most ‘nerve-wracking shot’ of his life,"Feb 7, 2022",neutral
"Snap recovers from Apple privacy changes, shares surge 50%","Feb 4, 2022",positive
In photos: Harry Styles’ fashion evolution,"Feb 1, 2022",neutral
Apple Music trolls Spotify by calling itself ‘the home of Neil Young’,"Jan 28, 2022",neutral
Apple posted record holiday quarter sales despite supply constraints,"Jan 28, 2022",positive
Apple is back on top in smartphone sales worldwide after a record win in China,"Jan 27, 2022",positive
How wearable tech is helping athletes reach the next level,"Jan 26, 2022",positive
"Apple CEO Tim Cook allegedly threatened, stalked","Jan 26, 2022",negative
The latest on the coronavirus pandemic and the Omicron variant,"Jan 23, 2022",neutral
The latest on the coronavirus pandemic and the Omicron variant,"Jan 22, 2022",neutral
The latest on the coronavirus pandemic and the Omicron variant,"Jan 22, 2022",neutral
Desert snows in Saudi Arabia,"Jan 20, 2022",neutral
Amazon is opening a clothing store next to Nordstrom and JC Penney,"Jan 20, 2022",neutral
Amazon is jumping into the in-store shopping apparel game,"Jan 20, 2022",neutral
Remote cameras document Oman’s rare Arabian leopards,"Jan 20, 2022",neutral
The Japanese castles you should visit,"Jan 20, 2022",neutral
Women report being secretly tracked by Apple AirTags,"Jan 17, 2022",negative
Apple to require employee proof of Covid-19 booster,"Jan 16, 2022",neutral
Restoring old homes in Japan,"Jan 12, 2022",neutral
Kate at 40: How the Duchess of Cambridge’s style evolved from youthful sparkle to timeless elegance,"Jan 10, 2022",neutral
Big Tech could brush off rate hikes. Startups may struggle,"Jan 7, 2022",neutral
Classic BlackBerry phones are officially defunct. Watch CNN's reporting on the company from 2006,"Jan 4, 2022",neutral
Apple’s warp-speed journey to $3 trillion,"Jan 4, 2022",positive
Apple has become the world’s first $3 trillion company,"Jan 3, 2022",positive
Apple becomes world's first $3 trillion company,"Jan 3, 2022",positive
