Apple’s iMac M3 is the perfect home office upgrade at this all-time low price,"Mar 29, 2024"
"The best sales to shop today: Drunk Elephant, Apple, Macy’s and more","Mar 28, 2024"
Behind the remarkable rise of the Savannah Bananas,"Mar 28, 2024"
The pricey Apple Vision Pro just got its first-ever discount,"Mar 28, 2024"
The MacBook Pro M3 just hit its lowest price ever — get it while you can,"Mar 28, 2024"
A 4-pack of Apple’s beloved AirTags is back down to its lowest price,"Mar 28, 2024"
The excellent new MacBook Air M3 is already $100 off right now,"Mar 27, 2024"
Apple announces its annual developers conference is set for June 10,"Mar 26, 2024"
Galloway: EU is taking a tougher stance on tech than the U.S.,"Mar 26, 2024"
3 ways Apple’s monopoly lawsuit could change the iPhone experience for fans,"Mar 26, 2024"
Shohei Ohtani says he never gambled on sports,"Mar 26, 2024"
It’s your last chance to shop the 165 best Prime Day-level deals from Amazon’s Big Spring Sale,"Mar 25, 2024"
It’s your last day to save on the 35 best tech deals from Amazon’s Prime Day-like Big Spring Sale,"Mar 25, 2024"
"Apple, Google and Meta at risk of ‘heavy’ fines as Europe launches new probes","Mar 25, 2024"
We found the 189 best Prime Day-level deals from Amazon’s Big Spring Sale,"Mar 24, 2024"
We found the 35 best tech deals from Amazon’s Prime Day-like Big Spring Sale,"Mar 24, 2024"
We found the 35 best tech deals from Amazon’s Prime Day-like Big Spring Sale,"Mar 23, 2024"
We found the 189 best Prime Day-level deals from Amazon’s Big Spring Sale,"Mar 23, 2024"
These two phrases in Harry and Meghan's statement stood out to royal analyst,"Mar 23, 2024"
Apple co-founder calls out 'hypocrisy' of politicians calling for TikTok ban,"Mar 23, 2024"
We found the 189 best Prime Day-level deals from Amazon’s Big Spring Sale,"Mar 22, 2024"
We found the 35 best tech deals from Amazon’s Prime Day-like Big Spring Sale,"Mar 22, 2024"
Master your Apple Vision Pro with these 11 tips and tricks,"Mar 22, 2024"
Apple customers love Apple. The Biden administration thinks they could do better,"Mar 22, 2024"
"Breton: The EU is not anti-tech, it just has rules","Mar 22, 2024"
We found the 174 best Prime Day-level deals from Amazon’s Big Spring Sale,"Mar 22, 2024"
Apple faces antitrust suit alleging monopoly,"Mar 22, 2024"
US sues Apple in antitrust lawsuit,"Mar 21, 2024"
We found the 30 best tech deals from Amazon’s Prime Day-like Big Spring Sale,"Mar 21, 2024"
"Green bubbles, Apple Pay and other reasons why America says Apple is breaking the law","Mar 21, 2024"
The AirPods Pro 2 are down to a new all-time low price for Amazon’s Big Spring Sale,"Mar 21, 2024"
Attorney general outlines antitrust lawsuit against Apple,"Mar 21, 2024"
Apple sued in a landmark iPhone monopoly lawsuit,"Mar 21, 2024"
AI fever grips World Economic Forum,"Mar 21, 2024"
Tim Cook is on a charm offensive in China to revive flagging iPhone sales,"Mar 21, 2024"
We found the 150 best Prime Day-level deals from Amazon’s Big Spring Sale,"Mar 21, 2024"
"Meta, Microsoft, X and Match Group challenge Apple over app store terms","Mar 20, 2024"
Why you should think twice before buying a new phone,"Mar 20, 2024"
Ohtani makes Dodgers debut as Major League Baseball goes global,"Mar 20, 2024"
CNN projects Trump-endorsed Moreno wins key Ohio GOP Senate primary,"Mar 20, 2024"
Apple is getting serious about AI,"Mar 19, 2024"
Microsoft president makes big bet on Europe with AI investments,"Mar 18, 2024"
This Tokyo rice ball restaurant is grounded in family tradition,"Mar 16, 2024"
Apple’s M1 MacBook Air is down to a new all-time low price,"Mar 15, 2024"
McDonald's locations around the world experience I.T. failure,"Mar 15, 2024"
The amazing MacBook Air M1 is now just $699 at Walmart — how to get yours,"Mar 15, 2024"
This Tokyo 'masterpiece café' is a step back in time for classical music lovers,"Mar 15, 2024"
‘Apples Never Fall’ grows from the twisty roots of a Liane Moriarty mystery,"Mar 14, 2024"
How technology can help feed the planet,"Mar 14, 2024"
House passes bill that could lead to US ban of TikTok,"Mar 14, 2024"
Christina Applegate believes she was living with MS for years before she was diagnosed,"Mar 13, 2024"
A photo tour of Qatar’s Resort Al Barari desert camp,"Mar 11, 2024"
'Apples Never Fall' reveals cracks in a 'perfect' family,"Mar 11, 2024"
Report: iPhone sales down 24% in China to start the year,"Mar 10, 2024"
Our favorite iPad is back down to its all-time low price right now,"Mar 8, 2024"
Apple backs down on EU ban for ‘Fortnite’-maker Epic Games,"Mar 8, 2024"
Are Apple’s new MacBook Air M3 laptops worth it? I’ve tested them to find out,"Mar 8, 2024"
"The best sales to shop this weekend: Kitsch, Apple, Sony and more","Mar 8, 2024"
U.S. legislation targets one of the most popular social media apps,"Mar 8, 2024"
UN World Restoration Flagships 2024,"Mar 7, 2024"
"Big changes for Apple, Google and other tech giants: Europe’s sweeping law goes into effect today","Mar 7, 2024"
OpenAI publishes Musk's emails to refute lawsuit claims,"Mar 7, 2024"
Applebee’s is shrinking. Its parent company may open joint restaurants with IHOP,"Mar 7, 2024"
"The 10 best Amazon deals to shop this week: Bose, Crocs and Neutrogena","Mar 6, 2024"
Sustainable airports around the world,"Mar 6, 2024"
Apple iPhones sales fall 24% in China amid competition and headwinds,"Mar 5, 2024"
Editors’ Picks: The 48 best products we tried and loved in February,"Mar 5, 2024"
Singapore defends paying Taylor Swift to not perform in neighboring countries,"Mar 5, 2024"
Apple just announced the M3 MacBook Air — how to preorder now,"Mar 4, 2024"
Apple hit with landmark $2 billion EU antitrust fine,"Mar 4, 2024"
In pictures: NBA great LeBron James,"Mar 3, 2024"
'I can't believe it was me': Rex Chapman on stealing from Apple store,"Mar 2, 2024"
'I can't believe it was me': Rex Chapman on stealing from Apple store,"Mar 2, 2024"
Hear what surprises reporter about Oprah's departure from WeightWatchers,"Mar 1, 2024"
Apple reportedly abandons its electric car project as EV makers struggle,"Feb 29, 2024"
"The 10 best Amazon deals to shop this week: Apple, Bissell and Levoit","Feb 28, 2024"
Prince Harry loses legal dispute over personal security,"Feb 28, 2024"
"Apple cancels work on an electric car, reports say","Feb 28, 2024"
Our favorite Logitech computer mouse is down to a new all-time low price,"Feb 27, 2024"
"The best sales to shop today: Fellow Stagg, iRobot, Logitech and more","Feb 27, 2024"
Is the pricey Apple Vision Pro worth it? I spent 2 weeks using one to find out,"Feb 27, 2024"
You may lose access to your Netflix account if you’re paying through Apple,"Feb 27, 2024"
"The best sales to shop today: Apple, Hoover, Xbox and more","Feb 26, 2024"
See Taylor Swift's heartwarming surprise for 9-year-old with brain cancer,"Feb 26, 2024"
The world is obsessed with soccer. Can Apple make Americans love it too?,"Feb 24, 2024"
"Tiny tablet, big discount: Get the Apple iPad Mini for 20% off right now","Feb 23, 2024"
In pictures: Oman Cultural Complex,"Feb 23, 2024"
Watch: Tesla Cybertruck reviews from both Elon Musk fans and haters,"Feb 22, 2024"
Travis Kelce lands in Australia to support Taylor Swift at her Eras Tour,"Feb 22, 2024"
"The 10 best Amazon deals to shop this week: Apple, Ninja and Anker","Feb 21, 2024"
Apple launches its first sports app,"Feb 21, 2024"
"Ewen MacIntosh, star of British comedy ‘The Office,’ dead at 50","Feb 21, 2024"
Uber Eats is launching robot deliveries in Japan,"Feb 21, 2024"
"The best sales to shop today: Great Jones, Logitech, LG and more","Feb 20, 2024"
Judge orders Trump and companies to pay nearly $355 million in civil fraud trial,"Feb 17, 2024"
Warren Buffett’s Berkshire Hathaway sells off some Apple stock,"Feb 15, 2024"
Mark Zuckerberg reviewed Apple’s Vision Pro headset. Here’s what he had to say about how it compares to Meta’s Quest 3,"Feb 14, 2024"
"Can’t spend $3,500 on Apple Vision Pro? Try these 3 great headsets instead","Feb 13, 2024"
VIDEO: Peek inside Harvard's class on Taylor Swift,"Feb 13, 2024"
You almost never saw the most famous Super Bowl ad of all time,"Feb 12, 2024"
"The best Apple headphones in 2024, tried and tested","Feb 28, 2024"
Taylor Swift performing in Tokyo before flying to Las Vegas for Super Bowl,"Feb 10, 2024"
Apple TV 4K vs. Roku Ultra: Which streaming box is right for you?,"Feb 8, 2024"
Taylor Swift's Eras Tour concert film will start streaming next month on Disney+,"Feb 8, 2024"
Hollywood Minute: Taylor Swift to sue jet tracker?,"Feb 7, 2024"
"The 10 best Amazon deals to shop this week: Apple, Bose and Neutrogena","Feb 7, 2024"
Taylor Swift continues record-breaking tour in Tokyo,"Feb 7, 2024"
"Taylor Swift mania sweeps Tokyo for sold-out concerts, with all eyes on return trip to Super Bowl","Feb 8, 2024"
A magical trip to Scotland helped a grieving father start to heal,"Feb 7, 2024"
AppleCare explained: What you need to know about Apple’s warranty program,"Feb 6, 2024"
"The best sales to shop today: Hoka, Dyson, Samsung and more","Feb 6, 2024"
"Naomi Osaka: ""I'm a lot more serious now""","Feb 5, 2024"
"The best sales to shop today: Apple, Breville, Yeti and more","Feb 5, 2024"
Watch Taylor Swift make Grammy history and surprise fans with announcement,"Feb 5, 2024"
Smerconish: Does Taylor Swift have the power to sway the election?,"Feb 3, 2024"
The 9 best Apple Vision Pro accessories to check out for your new headset,"Feb 2, 2024"
Apple’s Vision Pro headset hits US stores today. Here’s what you need to know,"Feb 2, 2024"
"Apple's new headset just dropped: Will you pay $3,500?","Feb 2, 2024"
Rockstar reveals her worry about Swift-Kelce relationship,"Feb 2, 2024"
"Apple sales boost profits, but China struggles continue","Feb 2, 2024"
"I just tried Apple Vision Pro — here’s what I think of this $3,500 headset so far","Feb 1, 2024"
"Save $300 on our favorite laptop, the MacBook Air M2, right now","Feb 1, 2024"
"The best sales to shop today: Ember, Nintendo, Apple and more","Feb 1, 2024"
Travis Kelce thanks Taylor Swift ‘for joining the team’,"Feb 1, 2024"
Stopping non-consensual AI porn is almost impossible. Here's why,"Feb 1, 2024"
Would Swift return from Tokyo show in time to watch Kelce play in Super Bowl? CNN reporter does the math,"Jan 29, 2024"
Peru's Amazon rainforest treehouse classroom,"Jan 29, 2024"
On GPS: Bill Gates on how AI can save millions of lives,"Jan 28, 2024"
Restaurant offered subscriptions for date nights. It sold out in 60 seconds,"Jan 28, 2024"
"Explicit, AI-generated Taylor Swift images spread online","Jan 26, 2024"
"Celebs, scientists and sports stars give their tips for Saudi Arabia","Jan 26, 2024"
The iPhone 15 is a surprisingly big upgrade — and the best option for most,"Jan 26, 2024"
The best Apple Watch bands designed for working out in 2024,"Jan 26, 2024"
"Apple announces sweeping changes for apps in Europe, including allowing third-party app stores for the first time","Jan 25, 2024"
"The best sales to shop today: Apple, Samsung, Hydro Flask and more","Jan 25, 2024"
5 huge challenges facing Apple this year,"Jan 25, 2024"
"The best sales to shop today: Hoover, Gaiam, Patagonia and more","Jan 24, 2024"
Apple security update to safeguard against thieves now available,"Jan 22, 2024"
Swift-inspired menu served at Buffalo Bills game,"Jan 22, 2024"
Photos: This US couple bought a home in Italy’s Molise region,"Jan 22, 2024"
Applebee's is selling a subscription pass for your date nights,"Jan 20, 2024"
Applebee’s is offering a subscription pass for your date nights,"Jan 20, 2024"
"The best sales to shop this weekend: Athleta, Bose, Apple and more","Jan 19, 2024"
The Apple Vision Pro headset is finally available for preorder — how to get your own,"Jan 19, 2024"
The week in 36 photos,"Jan 19, 2024"
Where to buy the original Apple Watch Series 9 and Ultra 2 with all the features,"Jan 18, 2024"
Apple Watch imports banned in America - again,"Jan 18, 2024"
"The best sales to shop today: Apple Watch, Aerogarden, Hydrow and more","Jan 17, 2024"
What Christina Applegate has said about living with multiple sclerosis,"Jan 17, 2024"
The latest on the Iowa caucuses and 2024 primary campaign,"Jan 17, 2024"
Apple risks a hit to its sales after Supreme Court declines to review Epic’s app store case,"Jan 16, 2024"
Harvard professor on Trump's big win in Iowa,"Jan 16, 2024"
Apple is offering rare iPhone discounts in China,"Jan 15, 2024"
Apple has an approved fix to get around the Watch ban. Customers may not like it,"Jan 15, 2024"
"See the X-59, NASA’s new supersonic concept plane","Jan 15, 2024"
How Naomi Osaka Became More Than Just A Tennis Star,"Jan 14, 2024"
Move over Apple: Microsoft is now the most valuable publicly traded company,"Jan 13, 2024"
"Apple knew AirDrop users could be identified and tracked as early as 2019, researchers say","Jan 12, 2024"
South Korea’s pet cafes,"Jan 12, 2024"
Al Gore is officially too old to serve on Apple’s board,"Jan 11, 2024"
We’ve tested every iPhone — here are the best ones,"Jan 11, 2024"
"The best sales to shop today: Bissell, Samsung, AirTags and more","Jan 11, 2024"
This $139 iPhone case gives you a real keyboard to type on — and we tried it,"Jan 10, 2024"
McDonald’s is bringing back a fan favorite after four years,"Jan 10, 2024"
The world’s most powerful passports of 2024,"Jan 10, 2024"
The best smartphones in 2024,"Jan 9, 2024"
"The best MacBook in 2024, tried and tested","Jan 9, 2024"
This US couple bought a 400-year-old Italian tower,"Jan 9, 2024"
Tropicana is one company that’s ditching AI,"Jan 9, 2024"
This ship is following Charles Darwin’s voyage around the world,"Jan 9, 2024"
Apple faces epochal moment with looming antitrust scrutiny,"Jan 8, 2024"
Apple announces when the Vision Pro will go on sale,"Jan 8, 2024"
'It's very unusual': CNN reporter unpacks controversy around NYT and Taylor Swift,"Jan 6, 2024"
The Nomad Stand One Max is a great luxury Apple charger with one big flaw,"Jan 5, 2024"
The week in 34 photos,"Jan 5, 2024"
These great iPhone 15 cases will protect and personalize your new phone,"Jan 4, 2024"
This Japanese startup is expanding with the e-scooter market,"Jan 4, 2024"
The most on-time airports and airlines,"Jan 4, 2024"
This jewelry is made from the silver found in X-ray films,"Jan 3, 2024"
Japan Airlines jet burst into flames after collision with quake-relief plane,"Jan 3, 2024"
"Apple shares slide following Barclays downgrade, dragging down markets","Jan 2, 2024"
"The best sales to shop today: Bissell, Laneige, iPad and more","Jan 2, 2024"
The iPhone 15 accessories I can’t stop using,"Jan 2, 2024"
Andy Cohen on why his son tells people Santa doesn't come to their house,"Jan 1, 2024"
How AI will be impacted by the New York Times' landmark lawsuit,"Dec 30, 2023"
"The 10 best Amazon deals to shop this week: Apple, Hatch, Lego and more","Dec 28, 2023"
Apple to resume U.S. sales of its newest watch,"Dec 28, 2023"
Here’s when Apple Watches are set to return to store shelves,"Dec 28, 2023"
"From sold-out tours to box office success, 2023 was the Year of Taylor Swift","Dec 28, 2023"
Apple to restart watch sales after court temporarily blocks import ban,"Dec 27, 2023"
Where you can still buy the latest Apple Watch,"Dec 27, 2023"
Apple is no longer selling the newest Apple Watch in America after the White House declines to overturn ban,"Dec 27, 2023"
Apple files appeal to overturn ban on some Apple Watch models,"Dec 26, 2023"
Our tech editors’ 11 favorite gadgets of 2023,"Dec 26, 2023"
Today is the last day for Joe Biden to keep the Apple Watch on shelves,"Dec 26, 2023"
Survey: 77% of Americans choose fake Christmas tree,"Dec 23, 2023"
Jabra Elite 10 vs. Apple AirPods Pro 2: Which earbuds are best for you?,"Dec 22, 2023"
Azerbijan carpets in photos,"Dec 22, 2023"
The world’s busiest flight routes 2023,"Dec 22, 2023"
Bullet train extension offers quick access to Japan’s Hokuriku region,"Dec 22, 2023"
"Autonomous vehicles are taking to our skies, seas and streets","Dec 21, 2023"
U.S. lawmakers seek to block Japanese purchase of U.S. Steel,"Dec 21, 2023"
"The 10 best Amazon deals to shop this week: Beats, Brita, Waterpik and more","Dec 20, 2023"
Get all the upgrades of the Apple Watch Ultra for less with this deal on a refurbished model,"Dec 19, 2023"
Save 20% on the M1-powered iPad Air with this deal from Best Buy,"Dec 19, 2023"
Cyber Monday 2023 is almost over — get the best Best Buy deals while you still can,"Nov 27, 2023"
"The MacBook Pro M3 is super fast, pretty pricey and thrilling in Space Black","Dec 19, 2023"
4 things to know about the Apple Watch fiasco,"Dec 19, 2023"
In pictures: The history of US Steel,"Dec 19, 2023"
Apple to halt sales of some Apple Watches in US,"Dec 19, 2023"
Foxconn makes most of the world’s iPhones. Now its CEO wants to make EVs,"Dec 18, 2023"
What happened to the 13 stranded strangers who went on a road trip,"Dec 16, 2023"
I spent one month with the 16-inch M3 Max MacBook Pro — here’s what I think,"Dec 15, 2023"
"The best sales to shop this weekend: Apple, Murad, Logitech and more","Dec 15, 2023"
The powerful Apple Watch Ultra 2 is on sale for its lowest price yet,"Dec 13, 2023"
Taylor Swift named Time's 2023 'Person of the Year',"Dec 13, 2023"
Apple unveils new security feature to safeguard against thieves,"Dec 13, 2023"
"Get an all-time low price on the Google Pixel 7 Pro, an Android phone we love","Dec 13, 2023"
"The 10 best Amazon deals to shop this week: Apple, Bissell, Cuisinart and more","Dec 13, 2023"
"The best sales to shop today: iPad, Reformation, Outdoor Voices and more","Dec 13, 2023"
This chef ditched Tokyo life to be closer to his ingredients,"Dec 12, 2023"
The world’s top city destinations for 2023,"Dec 12, 2023"
Shohei Ohtani agrees to historic deal with L.A. Dodgers,"Dec 10, 2023"
Chris Wallace told to give back Taylor Swift bracelet after criticism of 'Time' honor,"Dec 9, 2023"
"Our favorite product releases this week: Samsonite x Boss, Bearaby, ThirdLove","Dec 8, 2023"
Save on Apple AirTags ahead of holiday travel with this deal,"Dec 18, 2023"
"The best sales to shop this weekend: Theragun, Chewy, Stasher and more","Dec 8, 2023"
Photos: Alphonse Island in the Seychelles,"Dec 8, 2023"
‘Headquarters of the future’: Plans for Chinese tech firm Tencent’s vast new campus unveiled,"Dec 7, 2023"
Pictures: European towns and cities that look like Christmas,"Dec 6, 2023"
Krill Design creates furniture from food waste,"Dec 4, 2023"
Pictures: New carnival exhibition at Grenada’s underwater sculpture park,"Dec 4, 2023"
"Kyushu, home to Japan’s best sweets","Dec 1, 2023"
15 AirPods tips and tricks to help you master your earbuds,"Nov 30, 2023"
Nomad’s excellent iPhone case and Apple Watch band just got a new color,"Nov 30, 2023"
Innovations for greener transport,"Nov 30, 2023"
Pictures: The couple traveling in an Airstream with their pet goat,"Nov 29, 2023"
Here are the 130 best Amazon Cyber Monday 2023 deals you can still shop today,"Nov 28, 2023"
It’s your last chance for the best 27 Apple Cyber Monday deals of 2023,"Nov 28, 2023"
It’s your last chance to shop Target’s 40 best Cyber Monday deals,"Nov 28, 2023"
You’ve only got a few more hours to shop the 54 best Cyber Monday deals at Walmart,"Nov 28, 2023"
Woman creates stunning Taylor Swift-themed holiday display,"Nov 28, 2023"
Don’t miss your chance to shop the 256 best Cyber Monday 2023 deals at Amazon,"Nov 28, 2023"
Here are the 398 best deals to shop before Cyber Monday 2023 is over,"Nov 28, 2023"
Cyber Monday 2023 is almost over — get these 150 deals on the best products we’ve tested while you still can,"Nov 27, 2023"
Cyber Monday 2023 is almost over — get these 10 AirPod deals while you still can,"Nov 27, 2023"
Here are our editors’ favorite Cyber Monday deals to shop before it’s too late,"Nov 27, 2023"
Time’s running out on the best Cyber Monday laptop deals of 2023,"Nov 27, 2023"
Get the best iPad Cyber Monday deals of 2023 while you still can,"Nov 27, 2023"
The Xbox Series X is at an all-time low price at Amazon’s Cyber Monday sale,"Nov 27, 2023"
It’s your last chance to get the best MacBook Cyber Monday deals of 2023,"Nov 27, 2023"
We found the 15 best Xbox deals to get before Cyber Monday 2023 is over,"Nov 27, 2023"
This $150 discount makes the Google Pixel 8 a steal for Cyber Monday,"Nov 27, 2023"
Get the Nintendo Switch Lite and Animal Crossing game for $199 in this Cyber Monday deal,"Nov 27, 2023"
Anker’s portable 511 Nano 3 USB-C charger just got better with 20% off at Amazon,"Mar 14, 2024"
Cyber Monday is winding down — shop our tech editors’ favorite deals while they’re still around,"Nov 27, 2023"
Photos: Treeful treehouse hotel in Japan,"Nov 27, 2023"
Last chance for these Cyber Monday Apple Watch deals — including $175 off the Apple Watch 8,"Nov 27, 2023"
The 2nd-gen Apple Pencil is down to its lowest price ever for Cyber Monday,"Nov 27, 2023"
Save $250 on the capable and portable Acer Swift Go 14 laptop for Cyber Monday,"Nov 27, 2023"
Underscored readers love these products — grab them while they’re still on sale for Cyber Monday,"Nov 27, 2023"
Soneva Fushi mosquito eradication program,"Nov 27, 2023"
128 Cyber Monday sales on the best products we’ve tested,"Nov 26, 2023"
The 47 best Best Buy Cyber Monday deals in 2023,"Nov 26, 2023"
"The 2022 iPad is a superb tablet, but who is it actually for?","Nov 26, 2023"
The best Cyber Monday deals on Apple iPhone,"Nov 26, 2023"
"23 best Cyber Monday laptop deals for 2023: MacBooks, Chromebooks and more","Nov 26, 2023"
11 best iPad Cyber Monday deals for 2023,"Nov 26, 2023"
27 best Apple Cyber Monday deals for 2023,"Nov 26, 2023"
Apple AirTags are on sale at Amazon for Cyber Monday,"Nov 26, 2023"
We found the 15 best Xbox deals for Cyber Monday 2023,"Nov 26, 2023"
"The 10 best Cyber Monday 2023 electronic deals, according to our tech editors","Nov 26, 2023"
Here are the 224 best Amazon deals ahead of Cyber Monday 2023,"Nov 26, 2023"
Here are our editors’ favorite Cyber Monday deals to shop right now,"Nov 26, 2023"
Target’s 37 best Cyber Monday deals that belong in your cart now,"Nov 26, 2023"
"Underscored readers love these products — luckily, they’re on sale for Cyber Monday","Nov 26, 2023"
We found the 398 best Cyber Monday 2023 deals,"Nov 26, 2023"
Save $250 on the capable and portable Acer Swift Go 14 laptop for Cyber Monday,"Nov 26, 2023"
9 best MacBook Cyber Monday deals for 2023,"Nov 26, 2023"
11 best AirPod Cyber Monday deals for 2023,"Nov 26, 2023"
The AirPods Pro 2 are down to a new all-time low price for Cyber Monday,"Nov 26, 2023"
Shop the 43 very best Cyber Monday deals at Walmart,"Nov 26, 2023"
26 best Apple Watch deals for Cyber Monday include this rock-bottom price on the editor-favorite Apple Watch 8,"Nov 26, 2023"
Here are 205 Black Friday 2023 deals at Amazon that you can still shop today,"Nov 25, 2023"
You can still score Target Black Friday deals — here are the 40 best ones we’ve found,"Nov 25, 2023"
"Black Friday 2023 is over, but you can still shop these 390 best deals today","Nov 25, 2023"
"25 best Black Friday laptop deals still live for 2023: MacBooks, Chromebooks and more","Nov 25, 2023"
27 best Apple Black Friday deals still live for 2023,"Nov 25, 2023"
The best Black Friday 2023 deals on Apple iPhone are still available today,"Nov 25, 2023"
11 best iPad Black Friday deals still live for 2023,"Nov 25, 2023"
9 best MacBook Black Friday deals still live for 2023,"Nov 25, 2023"
Apple Watch deals are still going strong with a low price on our editor-favorite Apple Watch 8,"Nov 25, 2023"
Save $250 on the capable and portable Acer Swift Go 14 laptop for Black Friday,"Nov 25, 2023"
How iPhone maker Foxconn plans to become a global EV player,"Nov 24, 2023"
The 2nd-gen Apple Pencil is down to its lowest price ever for Black Friday,"Nov 24, 2023"
The AirPods Pro 2 are down to a new all-time low price for Black Friday,"Nov 25, 2023"
Apple AirTags are still on sale at Amazon for Black Friday,"Nov 25, 2023"
27 best Apple Black Friday deals for 2023,"Nov 23, 2023"
Here are all 177 best deals to shop at Amazon during Black Friday 2023,"Nov 23, 2023"
We found the very best Black Friday deals to shop at Walmart,"Nov 23, 2023"
We found the 30 best Target Black Friday deals you can shop today,"Nov 23, 2023"
We found all the best deals for Black Friday 2023,"Nov 23, 2023"
Why AirTags are the ultimate travel companion this holiday season,"Nov 26, 2023"
11 best iPad Black Friday deals for 2023,"Nov 23, 2023"
The 2nd-gen Apple Pencil is down to its lowest price ever for Black Friday,"Nov 23, 2023"
9 best MacBook Black Friday deals of 2023,"Nov 23, 2023"
Lowest price ever on Apple Watch 9 and other Black Friday deals 2023,"Nov 24, 2023"
Lowest price ever on Apple Watch 9 and other Black Friday deals 2023,"Nov 23, 2023"
The AirPods Pro 2 are down to a new all-time low price for Black Friday,"Nov 23, 2023"
Apple AirTags are on sale at Amazon for Black Friday,"Nov 23, 2023"
"The 11 best Black Friday 2023 electronic deals, according to our tech editors","Nov 23, 2023"
"The 11 best Black Friday 2023 electronic deals, according to our tech editors","Nov 22, 2023"
24 best Apple Black Friday deals for 2023,"Nov 22, 2023"
The AirPods Pro 2 are down to a new all-time low price for Black Friday,"Nov 22, 2023"
9 best MacBook Black Friday deals of 2023,"Nov 22, 2023"
11 best iPad Black Friday deals for 2023,"Nov 22, 2023"
October is prime apple season. Why did prices plunge?,"Nov 21, 2023"
Apple’s 9th-gen iPad doesn’t change much — and that’s not a bad thing,"Nov 26, 2023"
A clue that makes this podcaster think Taylor Swift will be engaged soon,"Nov 20, 2023"
Apple will make a big change to iPhone messages next year,"Nov 20, 2023"
Amazon’s Black Friday 2023 deals have arrived — here’s what to shop now,"Nov 20, 2023"
Iowa woman has been friends with Xi for 25 years. Hear what she thinks about him being called a dictator,"Nov 17, 2023"
"The best sales to shop today: Apple, Away, Madewell and more","Nov 16, 2023"
Japan’s most beautiful garden,"Nov 16, 2023"
House lawmakers press Apple CEO on reports Jon Stewart’s show was canceled over China concerns,"Nov 16, 2023"
Snapchat users can now buy Amazon products without leaving the app,"Nov 15, 2023"
"The best sales to shop today: Bala, Birthdate, Hill House and more","Nov 15, 2023"
The Nomad Strike Sport is a new twist on one of our favorite Apple Watch bands,"Nov 14, 2023"
Taylor Swift's song skyrockets on iTunes after she changed this lyric,"Nov 14, 2023"
Apple AirTags are on sale at Amazon for Black Friday,"Nov 21, 2023"
The 17 best Mac games to play in 2023,"Nov 13, 2023"
In pictures: American soccer star Megan Rapinoe,"Nov 12, 2023"
Pictures: The best Christmas markets around the world for 2023,"Nov 11, 2023"
Pictures: The family of seven hiking America’s longest trails together,"Nov 10, 2023"
The week in 33 photos,"Nov 10, 2023"
I just played Resident Evil 4 and Death Stranding on iPhone — this is a game changer,"Nov 9, 2023"
"Apple co-founder Steve Wozniak hospitalized in Mexico City, source says","Nov 9, 2023"
Apple’s fight against a $14 billion EU tax bill suffers a setback,"Nov 9, 2023"
Close-up photos reveal the weird and wonderful creatures living in soil,"Nov 8, 2023"
The M3 iMac makes Apple’s gorgeous all-in-one much more powerful,"Nov 7, 2023"
G7 countries prepare to gather in Japan,"Nov 7, 2023"
Apple’s M3 MacBook Pros are more affordable than before — and you can preorder now,"Nov 6, 2023"
Hollywood Minute: Taylor Swift's best first week ever,"Nov 6, 2023"
Barbra Streisand wasn’t happy with how Siri said her name. So she called up Apple’s CEO to get it fixed,"Nov 6, 2023"
iPhone 15 Pro vs. Google Pixel 8 Pro: Which smartphone is best?,"Nov 3, 2023"
Apple’s ‘scary fast’ upgrades hint at its vision for the AI era,"Nov 16, 2023"
"Photos: She was a Pan Am flight attendant, he was a pilot. Their inflight meeting sparked a 50 year romance","Nov 3, 2023"
Apple’s slower device sales continue to weigh on earnings,"Nov 2, 2023"
Apple unveils its fastest iMac and MacBook Pro models yet,"Nov 16, 2023"
Nomad’s new leather iPad case is a stunner,"Nov 2, 2023"
20 Amazon products our readers loved buying in October,"Nov 2, 2023"
Under $25 scores: Apple’s USB-C EarPods are some of the best wired earbuds around,"Nov 1, 2023"
Inside this quirky guitar maker’s biomaterial world,"Nov 1, 2023"
A photo tour of Doha’s new cruise terminal,"Nov 1, 2023"
Apple’s new M3 iMac is twice as fast and gaming-ready — and you can preorder now,"Oct 31, 2023"
Lonely Planet’s travel picks for 2024,"Oct 31, 2023"
What to expect from Apple’s ‘scary fast’ event,"Nov 16, 2023"
Apple Watch Series 9 review: Incrementally improving an already great smartwatch,"Dec 19, 2023"
Apple Watch Ultra 2 review: Still the smartwatch to get,"Oct 26, 2023"
iPhone 15 vs. iPhone 15 Pro: Which is best for you?,"Oct 26, 2023"
Pictures: The US couple who swapped California for Spain,"Oct 26, 2023"
Apple TV+ hikes price once again,"Nov 16, 2023"
Michael Cohen testifies in Trump civil fraud trial,"Oct 25, 2023"
Apple announces ‘scary fast’ October event,"Oct 24, 2023"
Google Pixel 8 vs. iPhone 15: Which phone is best for you?,"Oct 24, 2023"
Fukuoka: Japan’s street food capital,"Oct 23, 2023"
Jon Stewart’s show on Apple is over because of disagreements about China,"Oct 20, 2023"
"The best sales to shop this weekend: AirPods, LG, Breville and more","Oct 20, 2023"
Apple just revealed a new $79 Apple Pencil with USB-C — but is it right for you?,"Oct 19, 2023"
"The best sales to shop today: Roomba, Rtic, Philips Sonicare and more","Oct 19, 2023"
"The 10 best Amazon deals to shop this week: Logitech, Apple, Breville and more","Oct 19, 2023"
Apple continues its sweep to roll out USB-C to more devices,"Oct 18, 2023"
Hollywood Minute: Taylor Swift's global box office haul,"Oct 17, 2023"
"The best sales to shop today: Apple Watch, Logitech, Thermacell and more","Oct 17, 2023"
"The best sales to shop today: iPad, AeroGarden, Nespresso and more","Oct 17, 2023"
Time Out’s picks for cool neighborhoods,"Oct 17, 2023"
iPhone sales in China shrink as US political tensions grow,"Oct 16, 2023"
Taylor Swift thanks fans at her 'Eras Tour' movie premiere,"Oct 13, 2023"
The Pixel 8 Pro is my favorite Google phone ever,"Oct 13, 2023"
Don’t miss your chance to shop 238 of the best deals from Amazon Prime Day 2023,"Oct 12, 2023"
The best Lightning Deals to shop during October’s Amazon Prime Day 2023,"Oct 12, 2023"
The very best Apple deals still available for Amazon Prime Day 2023,"Oct 12, 2023"
Last chance to shop these 34 deals during Best Buy’s 48-hour shopping event on Prime Day,"Oct 11, 2023"
30 products our readers are buying before October’s Amazon Prime Day 2023 ends,"Oct 11, 2023"
Time is running out to shop these Amazon Prime Day 2023 AirPod deals,"Oct 11, 2023"
Grab the best Amazon device sales from October’s Prime Day 2023 — before it’s over,"Oct 11, 2023"
We found the best laptop deals still available for Amazon Prime Day,"Oct 11, 2023"
See Japanese 'ARCHAX' robot with $3 million price tag,"Oct 11, 2023"
The best iPhone deals you can get before Amazon Prime Day is over,"Oct 11, 2023"
We found the best iPad deals for October’s Amazon Prime Day 2023,"Oct 11, 2023"
The excellent MacBook Air M2 is down to its lowest-ever price for Amazon’s October Prime Day,"Oct 11, 2023"
We found the best iPad deals for October’s Amazon Prime Day 2023,"Oct 17, 2023"
The best Lightning Deals to shop during October’s Amazon Prime Day 2023,"Oct 11, 2023"
We found all of the best deals to shop during Amazon Prime Day 2023,"Oct 11, 2023"
The best Apple deals for October’s Amazon Prime Day,"Oct 10, 2023"
We found all of the best deals to shop during Amazon Prime Day 2023,"Oct 10, 2023"
Here are the best iPhone deals for October Amazon Prime Day,"Oct 10, 2023"
"AirPods Pro 2 are at an all-time low price for October’s Amazon Prime Day 2023, plus more AirPod deals","Nov 22, 2023"
Shop these 29 deals during Best Buy’s 48-hour shopping event on October’s Prime Day,"Oct 10, 2023"
The best Apple deals for October’s Amazon Prime Day,"Oct 10, 2023"
The best Amazon device sales from October’s Prime Day 2023,"Oct 10, 2023"
"The best tech deals from October Amazon Prime Day 2023, according to our editors","Oct 10, 2023"
We found the best iPad deals for October’s Amazon Prime Day 2023,"Oct 10, 2023"
The best Lightning Deals of Amazon Prime Day 2023,"Oct 10, 2023"
We found the best laptop deals for October’s Amazon Prime Day,"Oct 10, 2023"
How Amazon could end SpaceX's monopoly,"Oct 6, 2023"
A book of photography is helping to save leopards,"Oct 6, 2023"
"Apple rejected opportunities to buy Microsoft’s Bing, integrate with DuckDuckGo","Oct 5, 2023"
See what the White House said when questioned about Taylor Swift and Travis Kelce,"Oct 5, 2023"
"The 10 best Amazon deals to shop this week: Ninja, Levi’s, Adidas and more","Oct 4, 2023"
Pictures: The US family relocating to Italy for a brighter future,"Oct 4, 2023"
Traveling the Amazon River,"Oct 3, 2023"
Japan Airlines reveals cabins for new A350-1000 planes,"Oct 3, 2023"
Apple confirms that a bug and some apps are causing iPhone 15 models to overheat,"Oct 2, 2023"
The best leather Apple Watch bands for ultimate style and comfort,"Oct 2, 2023"
Swift-Kelce becomes America's latest obsession,"Oct 2, 2023"
Pictures: This woman is riding around the world with her puppy,"Oct 2, 2023"
"Taylor Swift is in her NFL era, and that's boosting sales for the league","Oct 2, 2023"
Game On: A James Bond iOS adventure,"Sep 29, 2023"
These iPhone 15 carrier deals make upgrading more affordable,"Oct 6, 2023"
MacOS Sonoma is worth upgrading to for any Mac user,"Oct 2, 2023"
iOS 17 is full of surprise and delight,"Sep 29, 2023"
"To the very end, ‘Physical’ put in the sweat to break down diet culture","Sep 28, 2023"
Taylor Swift's NFL game exit leads to fan speculation,"Sep 27, 2023"
iPhone 15 Pro review: Apple delivers the Action you didn’t know you needed,"Sep 27, 2023"
The US government is suing Amazon. How this might impact you,"Sep 27, 2023"
"The best sales to shop today: Apple, Shark, Tile and more","Sep 28, 2023"
U.S. government sues Amazon for alleged online monopoly,"Sep 27, 2023"
The London Tunnels is the UK capital’s most ambitious new tourism project,"Sep 26, 2023"
Taylor Swift's attendance at Chiefs game brings a spike in Travis Kelce jersey sales,"Sep 26, 2023"
What Huawei's latest fall line means for the tech giant,"Sep 25, 2023"
Traylor is that you? Gaming couple nicknames for Travis Kelce and Taylor Swift,"Sep 25, 2023"
Photos indicate Taylor Swift accepted NFL star's invite,"Sep 25, 2023"
Photos indicate Taylor Swift accepted NFL star's invite,"Sep 25, 2023"
iPhone 15 hits shelves around the world. Here’s what you need to know,"Sep 22, 2023"
Microsoft’s $800 Surface Laptop Go 3 is up for preorder — and we tried it early,"Sep 22, 2023"
Australia to host academic conference on Taylor Swift,"Sep 22, 2023"
Otto Group to use Boston Dynamics robots for e-commerce,"Sep 21, 2023"
The AirPods Pro 2 get even better with USB-C and excellent Adaptive Audio,"Sep 25, 2023"
"I just bought the $1,199 iPhone 15 Pro Max — here’s why","Sep 22, 2023"
Analysis: This Apple Watch feature could hint at the company's future,"Sep 20, 2023"
Apple Watch Ultra 2 vs. Apple Watch Ultra: What’s new and different?,"Sep 19, 2023"
Three things to know if you're going to upgrade to iPhone 15,"Sep 19, 2023"
iOS 17 release: See what’s new in iPhone features,"Sep 18, 2023"
iPhone 15 vs. iPhone 14: What’s new and different?,"Sep 18, 2023"
Forget Apple’s $30 USB-C to Lightning adapter — these cables are a better investment,"Sep 18, 2023"
The iPhone 15 may be the best basic iPhone yet — and you can preorder it now,"Sep 18, 2023"
The iPhone 15 is up for preorder now — here’s who should (and shouldn’t) upgrade,"Sep 15, 2023"
Wanted: Taylor Swift reporter,"Sep 15, 2023"
"The best sales to shop this weekend: Apple, Reebok, Everlane and more","Sep 15, 2023"
Apple to issue iPhone 12 update in France after sales halted over radiation levels,"Sep 15, 2023"
Should you get Apple’s iPhone Upgrade Program or use a carrier plan?,"Oct 2, 2023"
Apple Watch Series 9 and Ultra 2 preorders are live — here’s what you need to know,"Sep 14, 2023"
The iPhone 15 Pro is up for preorder right now — and we tried it early,"Sep 15, 2023"
France orders Apple to pull iPhone 12 off shelves for high radiation levels,"Sep 13, 2023"
Here’s why Apple’s charger switch is such a big deal,"Sep 13, 2023"
Apple Watch Series 9 vs. Apple Watch Series 8: Should you upgrade?,"Sep 18, 2023"
Here's one unique feature you haven't been able to do with iPhones before,"Sep 13, 2023"
"Apple unveils new iPhone, watch at event","Sep 13, 2023"
6 takeaways from Apple’s iPhone 15 event,"Sep 13, 2023"
What to expect from Apple’s iPhone 15 reveal,"Sep 13, 2023"
Opinion: Apple’s secret sauce,"Sep 13, 2023"
Apple unveils new iPhone lineup,"Sep 13, 2023"
Apple just killed the iPhone Lightning connector. What to do with your old chargers,"Sep 12, 2023"
A look back at every iPhone ever,"Sep 11, 2023"
Apple could be about to make the biggest change to the iPhone in 11 years,"Sep 8, 2023"
Apple lost $200 billion in two days after reports of iPhone ban in China,"Sep 7, 2023"
Feeling nostalgic? Take a look at the excitement over Apple's first iPhone,"Sep 7, 2023"
Nomad just dropped this gorgeous 3-in-1 charger for Apple users,"Sep 6, 2023"
"Arm’s IPO could value the chip company at $52 billion. Apple, Google and Nvidia show interest","Sep 5, 2023"
Presale tickets for Eras Tour movie break sales records,"Sep 4, 2023"
Apple expected to unveil new iPhone at ‘Wonderlust’ special event,"Aug 30, 2023"
"Get the Logitech K380, our favorite budget keyboard, at an all-time low price right now","Aug 28, 2023"
Microsoft submits new Activision deal to UK watchdog,"Aug 22, 2023"
"Arm’s mega IPO could be just around the corner, a year after the biggest chip deal in history fell apart","Aug 22, 2023"
iPhone 15 could have faster charging,"Aug 20, 2023"
Taylor Swift could break $2 billion for 'Eras' tour,"Aug 18, 2023"
Nigerian music producer uses AI to create Afrobeats,"Aug 18, 2023"
"The best sales to shop today: Apple, Reformation, Nira and more","Aug 17, 2023"
Jay-Z-themed library cards at Brooklyn Public Library,"Aug 16, 2023"
‘A real stroke of genius.’ How Apple’s iMac G3 became an object of desire,"Aug 15, 2023"
4 years later and the AirPods 2 are still as great as we remember,"Aug 14, 2023"
"Despite skipping much of the Iowa State Fair, Trump was still the main attraction","Aug 13, 2023"
The next evolution in tech needs to be nearly frozen to operate. See how it works,"Aug 13, 2023"
England beats Colombia 2-1 to reach semifinals as Australia makes history,"Aug 12, 2023"
"Sweden withstands late Japan comeback, 2-1, to make semifinals","Aug 11, 2023"
"The best sales to shop today: Lululemon, OtterBox, AeroGarden and more","Aug 9, 2023"
Justice Kagan order: Apple doesn’t have to change app store terms while battling Epic in court,"Aug 9, 2023"
"The 10 best Amazon deals to shop this week: Sharpie, Ninja, Sony and more","Aug 9, 2023"
iPhone users will soon have to adjust to this small but significant change,"Aug 9, 2023"
"The best sales to shop today: Dyson, Philips Hue, Instant Pot and more","Aug 9, 2023"
Apple’s M1 iPad Pros are massively discounted today at Woot!,"Aug 8, 2023"
Cities court Taylor Swift for Eras Tour shows,"Aug 7, 2023"
Watch Taylor Swift's moment with Kobe Bryant's daughter during show,"Aug 5, 2023"
"The best sales to shop today: Paravel, Lovesac, AirTag and more","Aug 4, 2023"
Two tech giants have contrasting earnings,"Aug 4, 2023"
Apple’s sales fall for the third consecutive quarter,"Aug 4, 2023"
"Taylor Swift Gives $100,000 Bonuses to Eras Tour Truckers","Aug 3, 2023"
"Save on MacBooks, iPads and more with these back-to-school Apple deals","Aug 1, 2023"
iOS 17 tips and tricks: Quality of life improvements and FaceTime fun,"Jul 28, 2023"
"AI ushering in a 'profound change in our relationship to machines,' says tech pioneer","Jul 27, 2023"
"The best budget phones in 2024, tried and tested","Jan 10, 2024"
Our brave new AI working world,"Jul 27, 2023"
Our brave new AI working world,"Jul 27, 2023"
"""Ultra-rare"" Apple sneakers on sale for $50,000","Jul 27, 2023"
"The 10 best Amazon deals to shop this week: Adidas, Ninja, Crocs and more","Jul 26, 2023"
"‘Ultra-rare’ Apple sneakers on sale for $50,000","Jul 26, 2023"
"Microsoft, Google and Snap report earnings","Jul 26, 2023"
Apple faces $1 billion UK lawsuit by app developers over App Store fees,"Jul 25, 2023"
July 30 Tokyo 2020 Olympics news and results,"Dec 3, 2023"
Harry and Meghan interview fallout,"Dec 3, 2023"
5 things the AirPods Pro do better than any other wireless earbuds,"Jul 20, 2023"
Amazon will let you pay with a wave of your hand at all Whole Foods stores,"Jul 20, 2023"
Apple’s macOS Sonoma brings big changes to Mac — but should you install now or wait?,"Jul 18, 2023"
Amazon and Apple fined $218 million by Spain antitrust watchdog,"Jul 18, 2023"
"‘Elusive’ Apple iPhone from 2007 sells for $190,000","Jul 18, 2023"
"Original Apple iPhone sells for more than $190,000","Aug 9, 2023"
Now Streaming: 'Foundation' season 2,"Jul 18, 2023"
Fairphone urges industry action on DIY smartphone repairs,"Jul 17, 2023"
Al Ain Adventure Park: Wild water sports out in the desert (photos),"Jul 17, 2023"
The 2020 MacBook Air is down to the lowest price we’ve seen during Prime Day,"Jul 14, 2023"
iOS 17 preview: We tried the biggest new features coming to your iPhone,"Jul 14, 2023"
New developments in the AI world,"Jul 14, 2023"
Otter Chaos: The sea otter stealing surfboards,"Jul 13, 2023"
The best Lightning Deals of Amazon Prime Day 2023,"Jul 13, 2023"
Sea otter wrestles surfboard away from its rider,"Jul 13, 2023"
We found the 193 best Amazon deals to shop before Prime Day 2023 is over,"Jul 13, 2023"
Elon Musk launches new AI company,"Jul 13, 2023"
The best laptop deals to shop during Amazon Prime Day,"Jul 12, 2023"
The 32 best Apple deals to get on Amazon Prime Day before they’re gone,"Jul 12, 2023"
These are the best iPhone deals on Amazon Prime Day 2023,"Jul 12, 2023"
The 2020 MacBook Air is down to the lowest price we’ve seen during Prime Day,"Jul 12, 2023"
The 10 best iPad deals to upgrade your tablet game for Amazon Prime Day 2023,"Jul 12, 2023"
We found the 151 best Amazon deals to shop during Prime Day 2023,"Jul 12, 2023"
"The 33 best tech deals from Amazon Prime Day 2023, from Samsung and Sony to Apple and Bose","Jul 11, 2023"
These are the best iPhone deals on Amazon Prime Day 2023,"Jul 11, 2023"
The 21 best Apple deals you can shop on Amazon Prime Day,"Jul 11, 2023"
The best laptop deals to shop during Amazon Prime Day,"Jul 11, 2023"
The best AirPod deals to shop this Amazon Prime Day 2023,"Jul 11, 2023"
The 10 best iPad deals to upgrade your tablet game for Amazon Prime Day 2023,"Jul 11, 2023"
Hollywood Minute: Taylor Swift's 'new' album,"Jul 8, 2023"
Apple Watch SE vs. Series 7: Which model is right for you?,"Jul 7, 2023"
Taylor Swift's album 'Speak Now (Taylor's Version)' is here,"Jul 7, 2023"
Nomad’s new Apple Watch band is perfect for summer — but you should act fast,"Jul 6, 2023"
The most delicious Turkish dishes,"Jul 5, 2023"
The new Mac Studio is one of the fastest computers ever — but do you really need all that power?,"Jul 3, 2023"
Apple's market cap reaches record $3 trillion,"Jul 1, 2023"
"Apple is now worth $3 trillion, boosted by the Nasdaq’s best start in 40 years","Jun 30, 2023"
"AI needs 'a new era of law and regulation,' says Microsoft president","Jun 29, 2023"
"AI needs 'a new era of law and regulation,' says Microsoft president","Jun 29, 2023"
"The 10 best Amazon deals to shop this week: Thermacell, Apple, Dyson and more","Jun 28, 2023"
"The best sales to shop today: Waterpik, Ninja, Philips Hue and more","Jun 27, 2023"
"This smartphone folds in half. It's also $1,800. We tried out Google's new phone","Jun 26, 2023"
The 15-inch MacBook Air is a superb big-screen laptop that’s still super portable,"Jun 26, 2023"
Apple Vision Pro vs. Meta Quest Pro: Which headset is right for you?,"Jun 26, 2023"
AirTag vs. Tile: Here’s how to pick the right tracker for you,"Jun 23, 2023"
iPhone 14 vs. iPhone 13: Which one is right for you?,"Jun 23, 2023"
Forget the M2 MacBook Pro — here’s why the M2 MacBook Air is a far better value,"Jun 23, 2023"
Buying a used Mac? Here’s everything you need to know,"Jun 23, 2023"
Satisfying your sweet tooth is about to get more expensive,"Jun 22, 2023"
"The best sales to shop today: iPad, Eero, Scrub Daddy and more","Jun 21, 2023"
"Spotify executive: Harry and Meghan are ""grifters""","Jun 20, 2023"
The Google Pixel Tablet is a great slate that doubles as a smart display,"Jun 20, 2023"
Recycling laptops for better education,"Jun 16, 2023"
Eco-conscious airlines around the world,"Jun 16, 2023"
"The 10 best Amazon deals to shop this week: Sony, LifeStraw, Ninja and more","Jun 15, 2023"
The Technics EAH-AZ60M2 are strong ANC earbuds — but do they beat Apple and Sony?,"Jun 14, 2023"
"The best sales to shop today: Stanley, Sonos, Bissell and more","Jun 14, 2023"
Amazon is trying to make it simpler to sift through thousands of user reviews,"Jun 13, 2023"
MacBook Air 15-inch vs. MacBook Air 13-inch: Which Apple laptop is right for you?,"Jun 13, 2023"
Tim Cook bets his legacy on augmented reality,"Jun 13, 2023"
In pictures: Apple CEO Tim Cook,"Jun 13, 2023"
BTS celebrates 10 year anniversary,"Jun 13, 2023"
Apple is determined to make headsets cool,"Jun 10, 2023"
Mark Zuckerberg has thoughts on Apple’s new mixed reality headset,"Jun 9, 2023"
Opinion: How Apple’s Vision Pro could change the world,"Jun 9, 2023"
Prince Harry finishes testifying in UK phone hacking case,"Jun 8, 2023"
Prince Harry back in court to give evidence in phone hacking case,"Jun 7, 2023"
The rivalry between Meta and Apple is moving to a new playing field: virtual reality,"Jun 7, 2023"
Why Prince Harry went to court,"Jun 6, 2023"
Prince Harry hits back against UK tabloids,"Jun 6, 2023"
I tried Apple’s new headset. Here’s what it’s like to use,"Jun 6, 2023"
"Apple unveils $3,500 mixed-reality headset","Jun 6, 2023"
Prince Harry gives evidence in London phone hacking case,"Jun 6, 2023"
"The best sales to shop today: Brooklinen, Philips Hue, Apple and more","Jun 6, 2023"
"We saw Apple’s Vision Pro up close — who is this $3,500 headset for?","Jun 6, 2023"
"Apple unveils new mixed reality headset for $3,500","Jun 6, 2023"
Apple's autocorrect tweak,"Jun 6, 2023"
Live updates: Apple unveils new products at WWDC 2023 event,"Jun 5, 2023"
The new 15-inch MacBook Air is up for preorder now — and we tried it,"Jun 5, 2023"
"Video: See Apple's new $3,499 mixed reality headset","Jun 6, 2023"
5 takeaways from Apple’s biggest product event in years,"Jun 5, 2023"
Apple unveils mixed reality headset,"Jun 5, 2023"
This could be Apple’s biggest product launch since the Apple Watch,"Jun 5, 2023"
Who owns content generated by AI?,"Jun 5, 2023"
"Our favorite product releases this week: Barbie, OtterBox and Our Place","Jun 2, 2023"
"The best sales to shop this weekend: Truff, Sonos, Apple and more","Jun 2, 2023"
Apple may soon show off its biggest and riskiest new hardware product in years,"Jun 2, 2023"
FDA finalizes limit on how much arsenic can be in apple juice,"Jun 2, 2023"
"The best sales to shop today: Lululemon, Dyson, Scrub Daddy and more","Jun 1, 2023"
The latest ultra-powerful Apple iPad Pro tablet is on sale right now,"Jun 1, 2023"
The AirPods Pro 2 are the new gold standard for Apple earbuds,"May 31, 2023"
Here are the best deals on Apple products for Memorial Day,"May 29, 2023"
Wedbush Securities sees an $800 billion market opportunity in tech companies,"May 26, 2023"
The Londoner Macao resort,"May 25, 2023"
Jeff Bezos and Lauren Sanchez get engaged,"May 23, 2023"
Apple announces multibillion-dollar agreement for 5G components made in US,"May 23, 2023"
Why Tokyo is the city of 'contradictions',"May 23, 2023"
Enjoy Tokyo like the locals do,"May 23, 2023"
Chasing the perfect blossom,"May 23, 2023"
One Taylor Swift fan found a different way to get into her concert. See how,"May 22, 2023"
"Everyone wants a foldable phone, but most of us can’t afford one yet","May 21, 2023"
New York City is sinking as sea levels rise,"May 20, 2023"
Apple got rich in China. Other Asian markets offer the next ‘golden opportunity’,"May 20, 2023"
Photos show children of immigrants stepping into their parents’ shoes,"May 19, 2023"
Apple’s $19 EarPods are hot again — here’s what it’s like to actually use them,"May 18, 2023"
The fastest charger for your iPhone 13,"May 18, 2023"
"The 10 best Amazon deals to shop this week: Stanley, MacBook, Olay and more","May 18, 2023"
'Insatiable': Royal commentator on what Harry and Meghan chase reveals,"May 18, 2023"
Analyst breaks down what happened during Harry and Meghan's alleged car chase,"May 17, 2023"
Photos of the ‘Mother’s Market’ in India,"May 17, 2023"
Your iPhone will soon be able to replicate your voice after 15 minutes of training,"May 16, 2023"
"The best sales to shop today: Nike, Mac Mini, Philips Hue and more","May 16, 2023"
"Smartphone history film, 'BlackBerry'","May 16, 2023"
A 4-pack of Apple AirTags is on sale right now,"May 16, 2023"
"The best sales to shop today: Apple, Zappos, Cabeau and more","May 15, 2023"
The excellent MacBook Air M2 is back to its lowest-ever price on Amazon,"May 15, 2023"
Hear Reddit co-founder's response when asked if Government is equipped to regulate AI,"May 13, 2023"
AI investor explains how this new technology could revolutionize how we watch television,"May 11, 2023"
"A foldable phone, new tablet and lots of AI: What Google unveiled at its big developer event","May 11, 2023"
"We got a sneak peek at the Google Pixel Tablet, up for preorder now","May 11, 2023"
"The 10 best Amazon deals to shop this week: Anker, Mario Badescu, Tramontina and more","May 10, 2023"
Artificial intelligence and the future of work,"May 9, 2023"
"The best sales to shop today: Logitech, Therabody, HigherDose and more","May 9, 2023"
Incredible railway experiences around the world,"May 8, 2023"
Hear how Ed Sheeran describes his friendship with Taylor Swift,"May 5, 2023"
"Highlights of Nagoya, Japan","May 5, 2023"
Apple posts second consecutive quarterly revenue decline,"May 5, 2023"
Our favorite 2-in-1 laptop combines portability and capability at an all-time low price,"May 4, 2023"
"The 10 best Amazon deals to shop this week: Apple, Cuisinart, OtterBox and more","May 4, 2023"
The best walking trails that explore the flora and fauna of South Africa (photos),"May 3, 2023"
Apple and Google are teaming up on a plan to make Bluetooth trackers like AirTags safer,"May 3, 2023"
'The Godfather of AI' quits Google and warns of its dangers. Apple co-founder weighs in,"May 2, 2023"
"Met Gala red carpet moments, through the years","May 1, 2023"
"The best sales to shop today: KitchenAid, Chewy, Yeti and more","May 1, 2023"
The iPhone 14 is more of a good thing — but is it the right phone for you?,"May 1, 2023"
Why everyone in business loves India right now,"May 1, 2023"
Taylor Swift tour reveals some consumers willing to splurge,"Apr 30, 2023"
Take a look at the world’s first underwater farm,"Apr 27, 2023"
Live Updates: Microsoft and Google shares pop after earnings results,"Apr 26, 2023"
"Driver of SUV that crashed into a Massachusetts Apple store accelerated to 60 mph before deadly crash, prosecutor says","Apr 25, 2023"
Appeals court largely sides with Apple on ‘Fortnite’ antitrust case,"Apr 24, 2023"
The peril and the promise of AI,"Apr 24, 2023"
Harry and Meghan talk about decision to leave royal life (2021),"Apr 23, 2023"
How to protect yourself from iPhone thieves locking you out of your own device,"Apr 23, 2023"
Score an Apple Mac Mini with M2 chip at one of its lowest prices yet,"May 16, 2023"
My Drive with Toyin Abraham Ajeyemi,"Apr 21, 2023"
The music industry is on alert after AI-generated Drake song goes viral,"Apr 20, 2023"
"The best sales to shop today: iPad, Casper, GreenPan and more","Apr 20, 2023"
Americans are buying more marijuana than chocolate,"Apr 20, 2023"
Apple commits to investing across India as Tim Cook opens second store,"Apr 20, 2023"
Apple is giving banks a run for their money,"Apr 18, 2023"
Tim Cook opens first Apple store in India,"Apr 18, 2023"
Apple CEO was presented with an original Macintosh. See his reaction,"Apr 18, 2023"
Apple opening its first retail stores in India,"Apr 18, 2023"
Apple offers 4.15% high-yield savings to its Apple Card holders,"Apr 17, 2023"
In pictures: Golf icon Tiger Woods,"Apr 16, 2023"
The president of the world's first artificial intelligence university speaks to CNN about the benefits and dangers of artificial intelligence,"Apr 12, 2023"
Inside ICON: The 3D printing architecture company with out of this world ambition,"Apr 12, 2023"
"The secrets to making perfect macarons at home, according to a pastry chef","Apr 11, 2023"
"The best sales to shop today: Dyson, Logitech, Windmill and more","Apr 11, 2023"
New trains and new rail routes to travel in Japan,"Apr 11, 2023"
The best tips and tricks for iOS 16 features and the new iOS 16.4,"Apr 10, 2023"
A bunch of Apple accessories are over 50% off right now,"Apr 7, 2023"
Apple is set to open its first retail store in Mumbai as it bets big on India,"Apr 6, 2023"
Apple’s Weather app briefly went down and rained on everyone’s morning,"Apr 4, 2023"
Sazenka: Tokyo’s best high-end Chinese restaurant,"Apr 4, 2023"
"Our pick for the best budget e-reader, the Kindle Paperwhite, is $50 off today","Oct 3, 2023"
"GM plans to phase out Apple CarPlay in EVs, with Google’s help","Apr 1, 2023"
"Our favorite product releases this week: Glossier, Olaplex, Gravity and more","Mar 31, 2023"
"New airport, new experiences: Why 2023 is the year to visit Mongolia","Mar 31, 2023"
"The best sales to shop today: Apple, Bando, Coway and more","Mar 30, 2023"
2023 MLB season kicks off,"Mar 30, 2023"
"Acer’s slim, sizable Swift Edge is a steal right now at Amazon","Mar 29, 2023"
Prince Harry at London's High Court,"Mar 29, 2023"
Pepsi gets a new logo,"Mar 29, 2023"
"Apple launches buy now, pay later service","Mar 28, 2023"
Liam Garner’s incredible ride from Alaska to Argentina (Photos),"Mar 27, 2023"
"After TikTok chief’s grilling in Washington, Apple’s Tim Cook is all smiles in Beijing","Mar 25, 2023"
Abu Dhabi’s best restaurants (photos),"Mar 24, 2023"
"March 23, 2023 - TikTok CEO Shou Chew testifies before Congress","Mar 24, 2023"
Adam Sandler’s career in comedy,"Mar 23, 2023"
AI rises to 'top of the list' for tech bosses,"Mar 21, 2023"
Photos of the Pegasus superyacht concept,"Mar 21, 2023"
See how Taylor Swift surprised one super fan,"Mar 21, 2023"
"AI rises to ""top of the list"" for tech bosses","Mar 20, 2023"
A photo tour of Italy ghost village San Severino,"Mar 20, 2023"
Latest on banks and global markets,"Mar 17, 2023"
Go inside the Harry Potter Studio Tour in Tokyo,"Mar 15, 2023"
Macao reopens to tourism after Covid,"Mar 15, 2023"
"Masatoshi Ito, Japanese billionaire behind the rise of 7-Eleven, dies at 98","Mar 15, 2023"
"This chef runs a Tokyo restaurant with an outstanding reputation, but only six seats","Mar 13, 2023"
Bill Maher shares Elon Musk's next potential project. Hear the audience's immediate reaction,"Mar 11, 2023"
How pearls helped shape the future of Qatar,"Mar 9, 2023"
Apple supplier Foxconn is on the hunt for semiconductor and EV deals in India,"Mar 4, 2023"
"In Dubai, camels are being cloned for beauty pageants and races","Mar 1, 2023"
Apple supplier unlikely to resume full India operations for two months after massive fire,"Feb 28, 2023"
The reality behind aviation’s golden age,"Feb 28, 2023"
The only woman living on a former Italian prison island,"Feb 24, 2023"
"A first generation iPhone fetches $63,000 at auction","Feb 21, 2023"
New online superstore surpasses Amazon and Walmart to become most downloaded app in US,"Feb 19, 2023"
Traveling the world as a wheelchair user,"Feb 17, 2023"
Malik Afegbua’s stunning AI art,"Feb 16, 2023"
How Amsterdam’s North-South metro line unearthed hidden artifacts,"Feb 13, 2023"
The retired Boeing 737 that’s been transformed into a private villa,"Feb 13, 2023"
Is the iPhone’s ‘Made in India’ era about to begin?,"Feb 11, 2023"
Amazon's customer satisfaction is going down. Here's why,"Feb 9, 2023"
This family of four are driving around Asia in a bus,"Feb 8, 2023"
"'Dear Edward' looks at grief, healing","Feb 6, 2023"
Foxconn January sales hit record high after production restored at world’s biggest iPhone factory,"Feb 6, 2023"
"Apple, Amazon and Google post earnings that disappoint","Feb 3, 2023"
Democratic senator urges Apple and Google to ban TikTok from their app stores,"Feb 2, 2023"
How to live in an airplane (photos),"Feb 2, 2023"
"Apple and Google’s app stores wield ‘gatekeeper’ power and should be reined in, Commerce Department says","Feb 1, 2023"
Apple is the only US tech giant to have avoided significant layoffs. Will it last?,"Feb 1, 2023"
"Apple has infringed on worker rights, NLRB investigators say","Jan 31, 2023"
Jason Segel turns therapy upside down in 'Shrinking',"Jan 30, 2023"
A family of pilots travels the world in a small plane (photos),"Jan 30, 2023"
'Make my dad famous': A daughter's quest to showcase her dad's artwork,"Jan 29, 2023"
Look of the Week: Apple Martin looks every bit the ‘Chanel girl’,"Jan 27, 2023"
How one bio-designer is imagining food of the future,"Jan 27, 2023"
Stocks rise after America’s economy grew more than expected,"Jan 26, 2023"
These two women have visited every country in the world (photos),"Jan 26, 2023"
"Timothée Chalamet wants an Apple TV+ project, too","Jan 25, 2023"
The 2023 MacBook Pro makes our favorite premium laptop even better,"May 30, 2023"
Bratislava’s architecture is out of this world,"Jan 25, 2023"
Lawmakers grill ticketing industry after Taylor Swift concert fiasco,"Jan 24, 2023"
America’s biggest banks are taking on Apple Pay and PayPal,"Jan 24, 2023"
The world’s longest flight was more than two months long,"Jan 24, 2023"
She thought she had a stomach bug. Her Apple Watch alerted her it was more,"Jan 20, 2023"
This woman is riding around the world with her German shepherd,"Jan 16, 2023"
Tim Cook agrees to a massive pay cut,"Jan 13, 2023"
Christina Applegate to make her first awards show appearance since MS diagnosis,"Jan 13, 2023"
Why Apple may finally be embracing touchscreen laptops,"Jan 12, 2023"
How technology is helping aviation to be more sustainable,"Jan 12, 2023"
Apple’s first US labor union reaches new milestone for tech industry,"Jan 11, 2023"
Japan offers world’s most powerful passport,"Jan 10, 2023"
Prince Harry explains why he refers to William as 'arch-nemesis' in new book,"Jan 8, 2023"
Watch: Late night hosts react to Prince Harry's memoir,"Jan 6, 2023"
Apple is raising the price of iPhone battery replacements,"Jan 4, 2023"
These airlines are least likely to delay your flight,"Jan 4, 2023"
World’s largest iPhone factory bounces back from Covid disruption that hurt Apple,"Jan 4, 2023"
Apple has lost $1 trillion in market value in a year,"Jan 3, 2023"
See adorable photo of Anderson's son and Andy's son mimicking their dads on set,"Jan 1, 2023"
